"Filename","Full Path"
"4x4.js","/home/adi/workspace/rebus/careuri-definitii-3/js/4x4.js"
"4x4.js","/home/adi/workspace/rebus/careuri-definitii-9/js/4x4.js"
"52-CUM-VĂ-PLACE.js","/home/adi/workspace/rebus/careuri-definitii-guinea-1/js/52-CUM-VĂ-PLACE.js"
"52-PIRATEREASCĂ.js","/home/adi/workspace/rebus/careuri-definitii-guinea-1/js/52-PIRATEREASCĂ.js"
"8-martie.js","/home/adi/workspace/rebus/careuri-definitii-2/js/8-martie.js"
"aa.js","/home/adi/workspace/rebus/careuri-definitii-3/js/aa.js"
"abducens.js","/home/adi/workspace/rebus/careuri-definitii-3/js/abducens.js"
"abtibilduri.js","/home/adi/workspace/rebus/careuri-definitii-3/js/abtibilduri.js"
"abyssus.js","/home/adi/workspace/rebus/careuri-definitii/js/abyssus.js"
"accesibile.js","/home/adi/workspace/rebus/careuri-definitii-2/js/accesibile.js"
"acreditare.js","/home/adi/workspace/rebus/careuri-definitii-2/js/acreditare.js"
"adiacente.js","/home/adi/workspace/rebus/careuri-definitii-3/js/adiacente.js"
"aditii.js","/home/adi/workspace/rebus/careuri-definitii-3/js/aditii.js"
"adversativ.js","/home/adi/workspace/rebus/careuri-definitii-2/js/adversativ.js"
"afif.js","/home/adi/workspace/rebus/careuri-definitii/js/afif.js"
"a-fost.js","/home/adi/workspace/rebus/careuri-definitii/js/a-fost.js"
"ajustari.js","/home/adi/workspace/rebus/careuri-definitii-4/js/ajustari.js"
"alm.js","/home/adi/workspace/rebus/careuri-definitii/js/alm.js"
"amalgamari.js","/home/adi/workspace/rebus/careuri-definitii-2/js/amalgamari.js"
"ameno.js","/home/adi/workspace/rebus/careuri-definitii-3/js/ameno.js"
"amintire.js","/home/adi/workspace/rebus/careuri-definitii-2/js/amintire.js"
"amintire.js","/home/adi/workspace/rebus/careuri-definitii/js/amintire.js"
"amorse.js","/home/adi/workspace/rebus/careuri-definitii-9/js/amorse.js"
"antiteze.js","/home/adi/workspace/rebus/careuri-definitii/js/antiteze.js"
"aparent.js","/home/adi/workspace/rebus/careuri-definitii-2/js/aparent.js"
"apropo.js","/home/adi/workspace/rebus/careuri-definitii/js/apropo.js"
"aranjamente.js","/home/adi/workspace/rebus/careuri-definitii/js/aranjamente.js"
"ardelean-si-moldovean.js","/home/adi/workspace/rebus/careuri-definitii/js/ardelean-si-moldovean.js"
"armistitiu.js","/home/adi/workspace/rebus/careuri-definitii/js/armistitiu.js"
"armonii.js","/home/adi/workspace/rebus/careuri-definitii-2/js/armonii.js"
"arpegiu.js","/home/adi/workspace/rebus/careuri-definitii-2/js/arpegiu.js"
"audiatur.js","/home/adi/workspace/rebus/careuri-definitii/js/audiatur.js"
"avers.js","/home/adi/workspace/rebus/careuri-definitii/js/avers.js"
"axiome.js","/home/adi/workspace/rebus/careuri-definitii-3/js/axiome.js"
"axiome.js","/home/adi/workspace/rebus/careuri-definitii/js/axiome.js"
"babaroase.js","/home/adi/workspace/rebus/careuri-definitii-2/js/babaroase.js"
"bacanale.js","/home/adi/workspace/rebus/careuri-definitii-3/js/bacanale.js"
"baldabac.js","/home/adi/workspace/rebus/careuri-definitii/js/baldabac.js"
"bambilici.js","/home/adi/workspace/rebus/careuri-definitii-3/js/bambilici.js"
"banff.js","/home/adi/workspace/rebus/careuri-definitii-3/js/banff.js"
"banner.js","/home/adi/workspace/rebus/careuri-definitii/js/banner.js"
"barcarola.js","/home/adi/workspace/rebus/careuri-definitii-3/js/barcarola.js"
"baw-baw-2.js","/home/adi/workspace/rebus/careuri-definitii-9/js/baw-baw-2.js"
"baw-baw-2..js","/home/adi/workspace/rebus/careuri-definitii-9/js/baw-baw-2..js"
"baw-baw.js","/home/adi/workspace/rebus/careuri-definitii-9/js/baw-baw.js"
"belota.js","/home/adi/workspace/rebus/careuri-definitii/js/belota.js"
"berkeley.js","/home/adi/workspace/rebus/careuri-definitii-3/js/berkeley.js"
"bertissime.js","/home/adi/workspace/rebus/careuri-definitii-2/js/bertissime.js"
"bigibigi2.js","/home/adi/workspace/rebus/careuri-definitii-2/js/bigibigi2.js"
"bigudiuri.js","/home/adi/workspace/rebus/careuri-definitii-3/js/bigudiuri.js"
"bijuterii-2.js","/home/adi/workspace/rebus/careuri-definitii/js/bijuterii-2.js"
"bijuterii.js","/home/adi/workspace/rebus/careuri-definitii/js/bijuterii.js"
"bilanturi.js","/home/adi/workspace/rebus/careuri-definitii-9/js/bilanturi.js"
"bile-albe.js","/home/adi/workspace/rebus/careuri-definitii-3/js/bile-albe.js"
"billabong.js","/home/adi/workspace/rebus/careuri-definitii-4/js/billabong.js"
"billabong.js","/home/adi/workspace/rebus/careuri-definitii-9/js/billabong.js"
"bis.js","/home/adi/workspace/rebus/careuri-definitii/js/bis.js"
"black-mountain.js","/home/adi/workspace/rebus/careuri-definitii-4/js/black-mountain.js"
"blazoane.js","/home/adi/workspace/rebus/careuri-definitii-3/js/blazoane.js"
"boabe.js","/home/adi/workspace/rebus/careuri-definitii-9/js/boabe.js"
"boacane.js","/home/adi/workspace/rebus/careuri-definitii-2/js/boacane.js"
"bobarnace.js","/home/adi/workspace/rebus/careuri-definitii-3/js/bobarnace.js"
"bolduri.js","/home/adi/workspace/rebus/careuri-definitii-2/js/bolduri.js"
"bombastice.js","/home/adi/workspace/rebus/careuri-definitii-2/js/bombastice.js"
"bondi.js","/home/adi/workspace/rebus/careuri-definitii-3/js/bondi.js"
"booka.js","/home/adi/workspace/rebus/careuri-definitii-9/js/booka.js"
"boom.js","/home/adi/workspace/rebus/careuri-definitii-2/js/boom.js"
"bordaj.js","/home/adi/workspace/rebus/careuri-definitii-2/js/bordaj.js"
"braisvant.js","/home/adi/workspace/rebus/careuri-definitii-2/js/braisvant.js"
"brand.js","/home/adi/workspace/rebus/careuri-definitii-2/js/brand.js"
"brasaj.js","/home/adi/workspace/rebus/careuri-definitii-3/js/brasaj.js"
"brasoave.js","/home/adi/workspace/rebus/careuri-definitii-3/js/brasoave.js"
"BREAKUP.js","/home/adi/workspace/rebus/careuri-definitii-guinea-1/js/BREAKUP.js"
"breviar-olimpic.js","/home/adi/workspace/rebus/careuri-definitii/js/breviar-olimpic.js"
"bridge.js","/home/adi/workspace/rebus/careuri-definitii-2/js/bridge.js"
"briefing..js","/home/adi/workspace/rebus/careuri-definitii-3/js/briefing..js"
"briefing.js","/home/adi/workspace/rebus/careuri-definitii-3/js/briefing.js"
"briefing.js","/home/adi/workspace/rebus/careuri-definitii/js/briefing.js"
"brier.js","/home/adi/workspace/rebus/careuri-definitii-3/js/brier.js"
"brier.js","/home/adi/workspace/rebus/careuri-definitii-9/js/brier.js"
"bro.js","/home/adi/workspace/rebus/careuri-definitii-9/js/bro.js"
"buchet.js","/home/adi/workspace/rebus/careuri-definitii-4/js/buchet.js"
"BUCKLEBOO.js","/home/adi/workspace/rebus/careuri-definitii-guinea-1/js/BUCKLEBOO.js"
"building.js","/home/adi/workspace/rebus/careuri-definitii-3/js/building.js"
"bumerang.js","/home/adi/workspace/rebus/careuri-definitii-4/js/bumerang.js"
"buna-dispozitie.js","/home/adi/workspace/rebus/careuri-definitii-3/js/buna-dispozitie.js"
"bushfire.js","/home/adi/workspace/rebus/careuri-definitii-4/js/bushfire.js"
"butaforii.js","/home/adi/workspace/rebus/careuri-definitii-3/js/butaforii.js"
"butaforii.js","/home/adi/workspace/rebus/careuri-definitii-9/js/butaforii.js"
"butic.js","/home/adi/workspace/rebus/careuri-definitii/js/butic.js"
"CABRIOLETA.js","/home/adi/workspace/rebus/careuri-definitii-guinea-1/js/CABRIOLETA.js"
"calificabil.js","/home/adi/workspace/rebus/careuri-definitii/js/calificabil.js"
"caligrafice.js","/home/adi/workspace/rebus/careuri-definitii-3/js/caligrafice.js"
"caligrafice.js","/home/adi/workspace/rebus/careuri-definitii-9/js/caligrafice.js"
"camee.js","/home/adi/workspace/rebus/careuri-definitii-3/js/camee.js"
"cap-la-cap.js","/home/adi/workspace/rebus/careuri-definitii-2/js/cap-la-cap.js"
"careu-de-asi.js","/home/adi/workspace/rebus/careuri-definitii/js/careu-de-asi.js"
"caro.js","/home/adi/workspace/rebus/careuri-definitii/js/caro.js"
"carpeli.js","/home/adi/workspace/rebus/careuri-definitii-2/js/carpeli.js"
"casual-code.js","/home/adi/workspace/rebus/careuri-definitii-2/js/casual-code.js"
"cele-bune.js","/home/adi/workspace/rebus/careuri-definitii/js/cele-bune.js"
"centum.js","/home/adi/workspace/rebus/careuri-definitii/js/centum.js"
"chine.js","/home/adi/workspace/rebus/careuri-definitii-3/js/chine.js"
"chix-2.js","/home/adi/workspace/rebus/careuri-definitii-2/js/chix-2.js"
"chix-2.js","/home/adi/workspace/rebus/careuri-definitii/js/chix-2.js"
"chix.js","/home/adi/workspace/rebus/careuri-definitii/js/chix.js"
"ciao.js","/home/adi/workspace/rebus/careuri-definitii-3/js/ciao.js"
"cinci-fix.js","/home/adi/workspace/rebus/careuri-definitii-3/js/cinci-fix.js"
"cinci-fix.js","/home/adi/workspace/rebus/careuri-definitii-9/js/cinci-fix.js"
"cincin.js","/home/adi/workspace/rebus/careuri-definitii/js/cincin.js"
"circumferinte.js","/home/adi/workspace/rebus/careuri-definitii/js/circumferinte.js"
"circumspicio.js","/home/adi/workspace/rebus/careuri-definitii/js/circumspicio.js"
"clasament.js","/home/adi/workspace/rebus/careuri-definitii-4/js/clasament.js"
"cocoloase.js","/home/adi/workspace/rebus/careuri-definitii-3/js/cocoloase.js"
"codex.js","/home/adi/workspace/rebus/careuri-definitii/js/codex.js"
"coji.js","/home/adi/workspace/rebus/careuri-definitii/js/coji.js"
"colaje.js","/home/adi/workspace/rebus/careuri-definitii-3/js/colaje.js"
"colaj.js","/home/adi/workspace/rebus/careuri-definitii-2/js/colaj.js"
"colegiale.js","/home/adi/workspace/rebus/careuri-definitii-3/js/colegiale.js"
"combinatii.js","/home/adi/workspace/rebus/careuri-definitii-3/js/combinatii.js"
"combinatii.js","/home/adi/workspace/rebus/careuri-definitii-9/js/combinatii.js"
"come-back.js","/home/adi/workspace/rebus/careuri-definitii-2/js/come-back.js"
"conc-2.js","/home/adi/workspace/rebus/careuri-definitii-3/js/conc-2.js"
"concordie.js","/home/adi/workspace/rebus/careuri-definitii-3/js/concordie.js"
"concurs.js","/home/adi/workspace/rebus/careuri-definitii-3/js/concurs.js"
"confesiuni.js","/home/adi/workspace/rebus/careuri-definitii/js/confesiuni.js"
"conjugari.js","/home/adi/workspace/rebus/careuri-definitii-3/js/conjugari.js"
"conlucrari.js","/home/adi/workspace/rebus/careuri-definitii/js/conlucrari.js"
"conotatii.js","/home/adi/workspace/rebus/careuri-definitii-3/js/conotatii.js"
"consens.js","/home/adi/workspace/rebus/careuri-definitii-3/js/consens.js"
"conspectus.js","/home/adi/workspace/rebus/careuri-definitii/js/conspectus.js"
"corecturi.js","/home/adi/workspace/rebus/careuri-definitii/js/corecturi.js"
"corelari.js","/home/adi/workspace/rebus/careuri-definitii-2/js/corelari.js"
"crampe-2.js","/home/adi/workspace/rebus/careuri-definitii-3/js/crampe-2.js"
"croaziera-31.js","/home/adi/workspace/rebus/careuri-definitii/js/croaziera-31.js"
"croaziera-32.js","/home/adi/workspace/rebus/careuri-definitii/js/croaziera-32.js"
"croaziera-35.js","/home/adi/workspace/rebus/careuri-definitii/js/croaziera-35.js"
"croaziera-37.js","/home/adi/workspace/rebus/careuri-definitii/js/croaziera-37.js"
"croaziera-39.js","/home/adi/workspace/rebus/careuri-definitii/js/croaziera-39.js"
"croaziera-58.js","/home/adi/workspace/rebus/careuri-definitii/js/croaziera-58.js"
"croaziera-61.js","/home/adi/workspace/rebus/careuri-definitii/js/croaziera-61.js"
"croaziera-62.js","/home/adi/workspace/rebus/careuri-definitii/js/croaziera-62.js"
"croaziera-67.js","/home/adi/workspace/rebus/careuri-definitii/js/croaziera-67.js"
"croaziera-68.js","/home/adi/workspace/rebus/careuri-definitii/js/croaziera-68.js"
"croaziera-72.js","/home/adi/workspace/rebus/careuri-definitii/js/croaziera-72.js"
"croaziera-73.js","/home/adi/workspace/rebus/careuri-definitii/js/croaziera-73.js"
"croaziera-74.js","/home/adi/workspace/rebus/careuri-definitii/js/croaziera-74.js"
"croaziera-75.js","/home/adi/workspace/rebus/careuri-definitii/js/croaziera-75.js"
"croaziera-76.js","/home/adi/workspace/rebus/careuri-definitii/js/croaziera-76.js"
"croaziera-77.js","/home/adi/workspace/rebus/careuri-definitii/js/croaziera-77.js"
"croaziera-80.js","/home/adi/workspace/rebus/careuri-definitii/js/croaziera-80.js"
"croaziera-cr13-2000.js","/home/adi/workspace/rebus/careuri-definitii/js/croaziera-cr13-2000.js"
"croaziera.js","/home/adi/workspace/rebus/careuri-definitii/js/croaziera.js"
"crochiu.js","/home/adi/workspace/rebus/careuri-definitii/js/crochiu.js"
"crochiuri.js","/home/adi/workspace/rebus/careuri-definitii-2/js/crochiuri.js"
"crosetari.js","/home/adi/workspace/rebus/careuri-definitii-3/js/crosetari.js"
"Cry-31-MG-1.js","/home/adi/workspace/rebus/careuri-definitii-gazea-2/js/Cry-31-MG-1.js"
"Cry-31-MG-1..js","/home/adi/workspace/rebus/careuri-definitii-gazea-2/js/Cry-31-MG-1..js"
"Cry-4.js","/home/adi/workspace/rebus/careuri-definitii-gazea-2/js/Cry-4.js"
"CRY-5.js","/home/adi/workspace/rebus/careuri-definitii-gazea-2/js/CRY-5.js"
"CRYPTO-W1.js","/home/adi/workspace/rebus/careuri-definitii-gazea-2/js/CRYPTO-W1.js"
"CRY-S-B.js","/home/adi/workspace/rebus/careuri-definitii-gazea-2/js/CRY-S-B.js"
"cu-chef.js","/home/adi/workspace/rebus/careuri-definitii/js/cu-chef.js"
"cu-dichis.js","/home/adi/workspace/rebus/careuri-definitii/js/cu-dichis.js"
"cu-patima.js","/home/adi/workspace/rebus/careuri-definitii/js/cu-patima.js"
"cuplaj.js","/home/adi/workspace/rebus/careuri-definitii/js/cuplaj.js"
"curling.js","/home/adi/workspace/rebus/careuri-definitii-9/js/curling.js"
"cuterizare.js","/home/adi/workspace/rebus/careuri-definitii/js/cuterizare.js"
"cuttie.js","/home/adi/workspace/rebus/careuri-definitii-3/js/cuttie.js"
"cuturristii.js","/home/adi/workspace/rebus/careuri-definitii/js/cuturristii.js"
"cvintet.js","/home/adi/workspace/rebus/careuri-definitii/js/cvintet.js"
"da-de-unde.js","/home/adi/workspace/rebus/careuri-definitii/js/da-de-unde.js"
"dagstuhl.js","/home/adi/workspace/rebus/careuri-definitii-3/js/dagstuhl.js"
"de-acord.js","/home/adi/workspace/rebus/careuri-definitii/js/de-acord.js"
"de-casa.js","/home/adi/workspace/rebus/careuri-definitii/js/de-casa.js"
"decor-abstract.js","/home/adi/workspace/rebus/careuri-definitii/js/decor-abstract.js"
"decoratii.js","/home/adi/workspace/rebus/careuri-definitii/js/decoratii.js"
"decriptari.js","/home/adi/workspace/rebus/careuri-definitii-9/js/decriptari.js"
"dedicatie-unui-amic.js","/home/adi/workspace/rebus/careuri-definitii/js/dedicatie-unui-amic.js"
"DE-GUSTIBUS.js","/home/adi/workspace/rebus/careuri-definitii-guinea-1/js/DE-GUSTIBUS.js"
"demaraj.js","/home/adi/workspace/rebus/careuri-definitii-2/js/demaraj.js"
"denaturari.js","/home/adi/workspace/rebus/careuri-definitii-3/js/denaturari.js"
"despartire-de-un-prieten.js","/home/adi/workspace/rebus/careuri-definitii/js/despartire-de-un-prieten.js"
"despartire.js","/home/adi/workspace/rebus/careuri-definitii-2/js/despartire.js"
"devize.js","/home/adi/workspace/rebus/careuri-definitii-3/js/devize.js"
"dezacorduri.js","/home/adi/workspace/rebus/careuri-definitii-3/js/dezacorduri.js"
"de-zicere.js","/home/adi/workspace/rebus/careuri-definitii-2/js/de-zicere.js"
"de-zile-mari.js","/home/adi/workspace/rebus/careuri-definitii/js/de-zile-mari.js"
"de-ziua-ta.js","/home/adi/workspace/rebus/careuri-definitii-2/js/de-ziua-ta.js"
"diademe.js","/home/adi/workspace/rebus/careuri-definitii-2/js/diademe.js"
"dialog.js","/home/adi/workspace/rebus/careuri-definitii/js/dialog.js"
"dialog-la-distanta.js","/home/adi/workspace/rebus/careuri-definitii/js/dialog-la-distanta.js"
"diluendo.js","/home/adi/workspace/rebus/careuri-definitii-2/js/diluendo.js"
"dincolo-de-forma.js","/home/adi/workspace/rebus/careuri-definitii/js/dincolo-de-forma.js"
"din-colt-in-colt.js","/home/adi/workspace/rebus/careuri-definitii-2/js/din-colt-in-colt.js"
"dingo.js","/home/adi/workspace/rebus/careuri-definitii-2/js/dingo.js"
"dingo.js","/home/adi/workspace/rebus/careuri-definitii-9/js/dingo.js"
"diorama.js","/home/adi/workspace/rebus/careuri-definitii-3/js/diorama.js"
"directe.js","/home/adi/workspace/rebus/careuri-definitii-2/js/directe.js"
"disimulari.js","/home/adi/workspace/rebus/careuri-definitii-3/js/disimulari.js"
"divagatii.js","/home/adi/workspace/rebus/careuri-definitii-9/js/divagatii.js"
"dixit.js","/home/adi/workspace/rebus/careuri-definitii/js/dixit.js"
"dodii.js","/home/adi/workspace/rebus/careuri-definitii-2/js/dodii.js"
"dogme.js","/home/adi/workspace/rebus/careuri-definitii-3/js/dogme.js"
"doi-and-2.js","/home/adi/workspace/rebus/careuri-definitii-9/js/doi-and-2.js"
"doi-cu-doi.js","/home/adi/workspace/rebus/careuri-definitii-3/js/doi-cu-doi.js"
"doi-cu-doi.js","/home/adi/workspace/rebus/careuri-definitii-9/js/doi-cu-doi.js"
"doi-la-2.js","/home/adi/workspace/rebus/careuri-definitii-9/js/doi-la-2.js"
"doi-la-doi.js","/home/adi/workspace/rebus/careuri-definitii-3/js/doi-la-doi.js"
"doi-la-doi.js","/home/adi/workspace/rebus/careuri-definitii-9/js/doi-la-doi.js"
"doi-la-unu.js","/home/adi/workspace/rebus/careuri-definitii-3/js/doi-la-unu.js"
"dorinta-noastra.js","/home/adi/workspace/rebus/careuri-definitii/js/dorinta-noastra.js"
"dorinte.js","/home/adi/workspace/rebus/careuri-definitii/js/dorinte.js"
"douafiguri.js","/home/adi/workspace/rebus/careuri-definitii-3/js/douafiguri.js"
"doxa.js","/home/adi/workspace/rebus/careuri-definitii/js/doxa.js"
"dozari.js","/home/adi/workspace/rebus/careuri-definitii/js/dozari.js"
"draw.js","/home/adi/workspace/rebus/careuri-definitii-3/js/draw.js"
"dribling.js","/home/adi/workspace/rebus/careuri-definitii/js/dribling.js"
"dual.js","/home/adi/workspace/rebus/careuri-definitii-2/js/dual.js"
"dublaje.js","/home/adi/workspace/rebus/careuri-definitii-2/js/dublaje.js"
"dublaj.js","/home/adi/workspace/rebus/careuri-definitii/js/dublaj.js"
"duble-la-turnari.js","/home/adi/workspace/rebus/careuri-definitii-3/js/duble-la-turnari.js"
"dublin-focsani.js","/home/adi/workspace/rebus/careuri-definitii/js/dublin-focsani.js"
"duet.js","/home/adi/workspace/rebus/careuri-definitii-2/js/duet.js"
"dupa-idealuri.js","/home/adi/workspace/rebus/careuri-definitii-2/js/dupa-idealuri.js"
"duplex.js","/home/adi/workspace/rebus/careuri-definitii/js/duplex.js"
"efecte.js","/home/adi/workspace/rebus/careuri-definitii-2/js/efecte.js"
"elegie.js","/home/adi/workspace/rebus/careuri-definitii-2/js/elegie.js"
"elegie.js","/home/adi/workspace/rebus/careuri-definitii-4/js/elegie.js"
"elocinta.js","/home/adi/workspace/rebus/careuri-definitii-2/js/elocinta.js"
"elucubratii.js","/home/adi/workspace/rebus/careuri-definitii/js/elucubratii.js"
"emfaze.js","/home/adi/workspace/rebus/careuri-definitii-2/js/emfaze.js"
"emulatii.js","/home/adi/workspace/rebus/careuri-definitii-3/js/emulatii.js"
"emulatii.js","/home/adi/workspace/rebus/careuri-definitii-9/js/emulatii.js"
"equidna.js","/home/adi/workspace/rebus/careuri-definitii/js/equidna.js"
"er-autorii.js","/home/adi/workspace/rebus/careuri-definitii-4/js/er-autorii.js"
"er-bocan.js","/home/adi/workspace/rebus/careuri-definitii-4/js/er-bocan.js"
"er-buse1.js","/home/adi/workspace/rebus/careuri-definitii-4/js/er-buse1.js"
"er-buse2.js","/home/adi/workspace/rebus/careuri-definitii-4/js/er-buse2.js"
"er-buse3.js","/home/adi/workspace/rebus/careuri-definitii-4/js/er-buse3.js"
"er-bus-gaz.js","/home/adi/workspace/rebus/careuri-definitii-4/js/er-bus-gaz.js"
"er-bus-gui.js","/home/adi/workspace/rebus/careuri-definitii-4/js/er-bus-gui.js"
"er-cancan.js","/home/adi/workspace/rebus/careuri-definitii-4/js/er-cancan.js"
"er-gazea1.js","/home/adi/workspace/rebus/careuri-definitii-4/js/er-gazea1.js"
"er-gazea2.js","/home/adi/workspace/rebus/careuri-definitii-4/js/er-gazea2.js"
"er-gazea3.js","/home/adi/workspace/rebus/careuri-definitii-4/js/er-gazea3.js"
"er-gui-gaz.js","/home/adi/workspace/rebus/careuri-definitii-4/js/er-gui-gaz.js"
"er-guinea1.js","/home/adi/workspace/rebus/careuri-definitii-4/js/er-guinea1.js"
"er-guinea2.js","/home/adi/workspace/rebus/careuri-definitii-4/js/er-guinea2.js"
"er-guinea3.js","/home/adi/workspace/rebus/careuri-definitii-4/js/er-guinea3.js"
"erori.js","/home/adi/workspace/rebus/careuri-definitii-3/js/erori.js"
"erori.js","/home/adi/workspace/rebus/careuri-definitii-9/js/erori.js"
"er-placheta3.js","/home/adi/workspace/rebus/careuri-definitii-4/js/er-placheta3.js"
"er-placheta4.js","/home/adi/workspace/rebus/careuri-definitii-4/js/er-placheta4.js"
"eseuri.js","/home/adi/workspace/rebus/careuri-definitii-2/js/eseuri.js"
"esperanto.js","/home/adi/workspace/rebus/careuri-definitii/js/esperanto.js"
"eucalipt.js","/home/adi/workspace/rebus/careuri-definitii-4/js/eucalipt.js"
"eucalipt.js","/home/adi/workspace/rebus/careuri-definitii-9/js/eucalipt.js"
"eufemisme.js","/home/adi/workspace/rebus/careuri-definitii/js/eufemisme.js"
"euristice.js","/home/adi/workspace/rebus/careuri-definitii/js/euristice.js"
"evrika.js","/home/adi/workspace/rebus/careuri-definitii/js/evrika.js"
"exighisis.js","/home/adi/workspace/rebus/careuri-definitii-3/js/exighisis.js"
"expunere.js","/home/adi/workspace/rebus/careuri-definitii-4/js/expunere.js"
"EXPUNERE.js","/home/adi/workspace/rebus/careuri-definitii-guinea-1/js/EXPUNERE.js"
"extensii.js","/home/adi/workspace/rebus/careuri-definitii-9/js/extensii.js"
"extreme.js","/home/adi/workspace/rebus/careuri-definitii-2/js/extreme.js"
"extremitati.js","/home/adi/workspace/rebus/careuri-definitii-2/js/extremitati.js"
"fabulare.js","/home/adi/workspace/rebus/careuri-definitii/js/fabulare.js"
".fabulare.js.swp","/home/adi/workspace/rebus/careuri-definitii/js/.fabulare.js.swp"
"face-banii.js","/home/adi/workspace/rebus/careuri-definitii/js/face-banii.js"
"facute-de-oaie-1.js","/home/adi/workspace/rebus/careuri-definitii/js/facute-de-oaie-1.js"
"facute-de-oaie-2.js","/home/adi/workspace/rebus/careuri-definitii/js/facute-de-oaie-2.js"
"facute-de-oaie-3.js","/home/adi/workspace/rebus/careuri-definitii/js/facute-de-oaie-3.js"
"facute-de-oaie-4.js","/home/adi/workspace/rebus/careuri-definitii/js/facute-de-oaie-4.js"
"fairplay.js","/home/adi/workspace/rebus/careuri-definitii/js/fairplay.js"
"fantasme.js","/home/adi/workspace/rebus/careuri-definitii-3/js/fantasme.js"
"fantezie-geografica.js","/home/adi/workspace/rebus/careuri-definitii/js/fantezie-geografica.js"
"fara-pereche.js","/home/adi/workspace/rebus/careuri-definitii/js/fara-pereche.js"
"farse.js","/home/adi/workspace/rebus/careuri-definitii-2/js/farse.js"
"FAZE-LUCRATE.js","/home/adi/workspace/rebus/careuri-definitii-guinea-1/js/FAZE-LUCRATE.js"
"faze-scurte.js","/home/adi/workspace/rebus/careuri-definitii-4/js/faze-scurte.js"
"feedback.js","/home/adi/workspace/rebus/careuri-definitii-3/js/feedback.js"
"feedback.rbs.js","/home/adi/workspace/rebus/careuri-definitii-3/js/feedback.rbs.js"
"feeling.js","/home/adi/workspace/rebus/careuri-definitii-3/js/feeling.js"
"feerice.js","/home/adi/workspace/rebus/careuri-definitii/js/feerice.js"
"fente.js","/home/adi/workspace/rebus/careuri-definitii-4/js/fente.js"
"FENTE.js","/home/adi/workspace/rebus/careuri-definitii-guinea-1/js/FENTE.js"
"filozofari.js","/home/adi/workspace/rebus/careuri-definitii/js/filozofari.js"
"five-oclock.js","/home/adi/workspace/rebus/careuri-definitii-3/js/five-oclock.js"
"fivepoints.js","/home/adi/workspace/rebus/careuri-definitii-3/js/fivepoints.js"
"fix-la-cinci.js","/home/adi/workspace/rebus/careuri-definitii-3/js/fix-la-cinci.js"
"fix-la-cinci.js","/home/adi/workspace/rebus/careuri-definitii-9/js/fix-la-cinci.js"
"flash.js","/home/adi/workspace/rebus/careuri-definitii-2/js/flash.js"
"flenduri.js","/home/adi/workspace/rebus/careuri-definitii-2/js/flenduri.js"
"fler.js","/home/adi/workspace/rebus/careuri-definitii-2/js/fler.js"
"flow-chart..js","/home/adi/workspace/rebus/careuri-definitii-3/js/flow-chart..js"
"flow-chart.js","/home/adi/workspace/rebus/careuri-definitii-3/js/flow-chart.js"
"fluaj.js","/home/adi/workspace/rebus/careuri-definitii/js/fluaj.js"
"fluturas-combus1.js","/home/adi/workspace/rebus/careuri-definitii-4/js/fluturas-combus1.js"
"foc-incrucisat.js","/home/adi/workspace/rebus/careuri-definitii/js/foc-incrucisat.js"
"focoase.js","/home/adi/workspace/rebus/careuri-definitii-9/js/focoase.js"
"foflenchi.js","/home/adi/workspace/rebus/careuri-definitii-2/js/foflenchi.js"
"folder.js","/home/adi/workspace/rebus/careuri-definitii-2/js/folder.js"
"foraj.js","/home/adi/workspace/rebus/careuri-definitii-2/js/foraj.js"
"forcing.js","/home/adi/workspace/rebus/careuri-definitii-2/js/forcing.js"
"forcing.js","/home/adi/workspace/rebus/careuri-definitii/js/forcing.js"
"FRANJURI.js","/home/adi/workspace/rebus/careuri-definitii-gazea-2/js/FRANJURI.js"
"free-lance.js","/home/adi/workspace/rebus/careuri-definitii-3/js/free-lance.js"
"frenezii.js","/home/adi/workspace/rebus/careuri-definitii-4/js/frenezii.js"
"frize.js","/home/adi/workspace/rebus/careuri-definitii-3/js/frize.js"
"gablonzuri.js","/home/adi/workspace/rebus/careuri-definitii-3/js/gablonzuri.js"
"gadget.js","/home/adi/workspace/rebus/careuri-definitii-2/js/gadget.js"
"gaitane.js","/home/adi/workspace/rebus/careuri-definitii-3/js/gaitane.js"
"gaize.js","/home/adi/workspace/rebus/careuri-definitii/js/gaize.js"
"galah.js","/home/adi/workspace/rebus/careuri-definitii-4/js/galah.js"
"galah.js","/home/adi/workspace/rebus/careuri-definitii-9/js/galah.js"
"gama.js","/home/adi/workspace/rebus/careuri-definitii-2/js/gama.js"
"gand-bun.js","/home/adi/workspace/rebus/careuri-definitii-9/js/gand-bun.js"
"gargara.js","/home/adi/workspace/rebus/careuri-definitii-3/js/gargara.js"
"gavota.js","/home/adi/workspace/rebus/careuri-definitii/js/gavota.js"
"GAZE-ALBE.js","/home/adi/workspace/rebus/careuri-definitii-gazea-2/js/GAZE-ALBE.js"
"gazel.js","/home/adi/workspace/rebus/careuri-definitii/js/gazel.js"
"gazeluri.js","/home/adi/workspace/rebus/careuri-definitii-3/js/gazeluri.js"
"gazete.js","/home/adi/workspace/rebus/careuri-definitii/js/gazete.js"
"GENEZE.js","/home/adi/workspace/rebus/careuri-definitii-gazea-2/js/GENEZE.js"
"ghesefturi.js","/home/adi/workspace/rebus/careuri-definitii-3/js/ghesefturi.js"
"ghidusii.js","/home/adi/workspace/rebus/careuri-definitii-2/js/ghidusii.js"
"ghidusii.js","/home/adi/workspace/rebus/careuri-definitii-3/js/ghidusii.js"
"ghidusii.js","/home/adi/workspace/rebus/careuri-definitii-9/js/ghidusii.js"
"GHIDUSII-L.js","/home/adi/workspace/rebus/careuri-definitii-gazea-2/js/GHIDUSII-L.js"
"ginkco.js","/home/adi/workspace/rebus/careuri-definitii-4/js/ginkco.js"
"GINKGO.js","/home/adi/workspace/rebus/careuri-definitii-guinea-1/js/GINKGO.js"
"giocoso.js","/home/adi/workspace/rebus/careuri-definitii/js/giocoso.js"
"gir.js","/home/adi/workspace/rebus/careuri-definitii-2/js/gir.js"
"giugiuleli.js","/home/adi/workspace/rebus/careuri-definitii-3/js/giugiuleli.js"
"giuvaiere.js","/home/adi/workspace/rebus/careuri-definitii-3/js/giuvaiere.js"
"giuvaiere.js","/home/adi/workspace/rebus/careuri-definitii-9/js/giuvaiere.js"
"GIUVAIERE.js","/home/adi/workspace/rebus/careuri-definitii-gazea-2/js/GIUVAIERE.js"
"glacis.js","/home/adi/workspace/rebus/careuri-definitii-3/js/glacis.js"
"glazuri.js","/home/adi/workspace/rebus/careuri-definitii-9/js/glazuri.js"
"glissando.js","/home/adi/workspace/rebus/careuri-definitii/js/glissando.js"
"glume-cu-portia.js","/home/adi/workspace/rebus/careuri-definitii-3/js/glume-cu-portia.js"
"gnome.js","/home/adi/workspace/rebus/careuri-definitii-2/js/gnome.js"
"gogleze.js","/home/adi/workspace/rebus/careuri-definitii-4/js/gogleze.js"
"GOGLEZE.js","/home/adi/workspace/rebus/careuri-definitii-guinea-1/js/GOGLEZE.js"
"gong-final.js","/home/adi/workspace/rebus/careuri-definitii/js/gong-final.js"
"gong.js","/home/adi/workspace/rebus/careuri-definitii-2/js/gong.js"
"googong.js","/home/adi/workspace/rebus/careuri-definitii-9/js/googong.js"
"greu-de-dezlegat-10.js","/home/adi/workspace/rebus/careuri-definitii/js/greu-de-dezlegat-10.js"
"greu-de-dezlegat-11.js","/home/adi/workspace/rebus/careuri-definitii/js/greu-de-dezlegat-11.js"
"greu-de-dezlegat-12.js","/home/adi/workspace/rebus/careuri-definitii/js/greu-de-dezlegat-12.js"
"greu-de-dezlegat-13.js","/home/adi/workspace/rebus/careuri-definitii/js/greu-de-dezlegat-13.js"
"greu-de-dezlegat-14.js","/home/adi/workspace/rebus/careuri-definitii/js/greu-de-dezlegat-14.js"
"greu-de-dezlegat-15.js","/home/adi/workspace/rebus/careuri-definitii/js/greu-de-dezlegat-15.js"
"greu-de-dezlegat-16.js","/home/adi/workspace/rebus/careuri-definitii/js/greu-de-dezlegat-16.js"
"greu-de-dezlegat-17.js","/home/adi/workspace/rebus/careuri-definitii/js/greu-de-dezlegat-17.js"
"greu-de-dezlegat-18.js","/home/adi/workspace/rebus/careuri-definitii/js/greu-de-dezlegat-18.js"
"greu-de-dezlegat-19.js","/home/adi/workspace/rebus/careuri-definitii/js/greu-de-dezlegat-19.js"
"greu-de-dezlegat-20.js","/home/adi/workspace/rebus/careuri-definitii/js/greu-de-dezlegat-20.js"
"greu-de-dezlegat-21.js","/home/adi/workspace/rebus/careuri-definitii/js/greu-de-dezlegat-21.js"
"greu-de-dezlegat-22.js","/home/adi/workspace/rebus/careuri-definitii/js/greu-de-dezlegat-22.js"
"greu-de-dezlegat-23.js","/home/adi/workspace/rebus/careuri-definitii/js/greu-de-dezlegat-23.js"
"greu-de-dezlegat-24.js","/home/adi/workspace/rebus/careuri-definitii/js/greu-de-dezlegat-24.js"
"greu-de-dezlegat-25.js","/home/adi/workspace/rebus/careuri-definitii/js/greu-de-dezlegat-25.js"
"greu-de-dezlegat-26.js","/home/adi/workspace/rebus/careuri-definitii/js/greu-de-dezlegat-26.js"
"greu-de-dezlegat-27.js","/home/adi/workspace/rebus/careuri-definitii/js/greu-de-dezlegat-27.js"
"greu-de-dezlegat-28.js","/home/adi/workspace/rebus/careuri-definitii/js/greu-de-dezlegat-28.js"
"greu-de-dezlegat-29.js","/home/adi/workspace/rebus/careuri-definitii/js/greu-de-dezlegat-29.js"
"greu-de-dezlegat-2.js","/home/adi/workspace/rebus/careuri-definitii/js/greu-de-dezlegat-2.js"
"greu-de-dezlegat-3.js","/home/adi/workspace/rebus/careuri-definitii/js/greu-de-dezlegat-3.js"
"greu-de-dezlegat-5.js","/home/adi/workspace/rebus/careuri-definitii/js/greu-de-dezlegat-5.js"
"greu-de-dezlegat-7.js","/home/adi/workspace/rebus/careuri-definitii/js/greu-de-dezlegat-7.js"
"greu-de-dezlegat-8.js","/home/adi/workspace/rebus/careuri-definitii/js/greu-de-dezlegat-8.js"
"greu-de-dezlegat-9.js","/home/adi/workspace/rebus/careuri-definitii/js/greu-de-dezlegat-9.js"
"greu-de-dezlegat.js","/home/adi/workspace/rebus/careuri-definitii/js/greu-de-dezlegat.js"
"grime.js","/home/adi/workspace/rebus/careuri-definitii-2/js/grime.js"
"gripate.js","/home/adi/workspace/rebus/careuri-definitii-3/js/gripate.js"
"groggy.js","/home/adi/workspace/rebus/careuri-definitii-2/js/groggy.js"
"groggy.js","/home/adi/workspace/rebus/careuri-definitii/js/groggy.js"
"guest-staruri.js","/home/adi/workspace/rebus/careuri-definitii-3/js/guest-staruri.js"
"guinee.js","/home/adi/workspace/rebus/careuri-definitii-3/js/guinee.js"
"gumtree.js","/home/adi/workspace/rebus/careuri-definitii-3/js/gumtree.js"
"gumtree.js","/home/adi/workspace/rebus/careuri-definitii-4/js/gumtree.js"
"hacking-1.js","/home/adi/workspace/rebus/careuri-definitii-3/js/hacking-1.js"
"hacking.js","/home/adi/workspace/rebus/careuri-definitii-3/js/hacking.js"
"HAGADE.js","/home/adi/workspace/rebus/careuri-definitii-guinea-1/js/HAGADE.js"
"hai-ca-se-poate.js","/home/adi/workspace/rebus/careuri-definitii-2/js/hai-ca-se-poate.js"
"haida-hai.js","/home/adi/workspace/rebus/careuri-definitii-3/js/haida-hai.js"
"hai-la-joc.js","/home/adi/workspace/rebus/careuri-definitii/js/hai-la-joc.js"
"hai-noroc.js","/home/adi/workspace/rebus/careuri-definitii/js/hai-noroc.js"
"halima.js","/home/adi/workspace/rebus/careuri-definitii-2/js/halima.js"
"hands-free.js","/home/adi/workspace/rebus/careuri-definitii-9/js/hands-free.js"
"handsfree.js","/home/adi/workspace/rebus/careuri-definitii-3/js/handsfree.js"
"hang.js","/home/adi/workspace/rebus/careuri-definitii-2/js/hang.js"
"hello.js","/home/adi/workspace/rebus/careuri-definitii/js/hello.js"
"heraldica.js","/home/adi/workspace/rebus/careuri-definitii-3/js/heraldica.js"
"hiade.js","/home/adi/workspace/rebus/careuri-definitii-2/js/hiade.js"
"hobby-10.js","/home/adi/workspace/rebus/careuri-definitii/js/hobby-10.js"
"hobby-11.js","/home/adi/workspace/rebus/careuri-definitii/js/hobby-11.js"
"hobby-13.js","/home/adi/workspace/rebus/careuri-definitii/js/hobby-13.js"
"hobby-15.js","/home/adi/workspace/rebus/careuri-definitii/js/hobby-15.js"
"hobby-16.js","/home/adi/workspace/rebus/careuri-definitii/js/hobby-16.js"
"hobby-18.js","/home/adi/workspace/rebus/careuri-definitii/js/hobby-18.js"
"hobby-19.js","/home/adi/workspace/rebus/careuri-definitii/js/hobby-19.js"
"hobby-31.js","/home/adi/workspace/rebus/careuri-definitii/js/hobby-31.js"
"hobby-32.js","/home/adi/workspace/rebus/careuri-definitii/js/hobby-32.js"
"hobby-33.js","/home/adi/workspace/rebus/careuri-definitii/js/hobby-33.js"
"hobby-34.js","/home/adi/workspace/rebus/careuri-definitii/js/hobby-34.js"
"hobby-35.js","/home/adi/workspace/rebus/careuri-definitii/js/hobby-35.js"
"hobby-36.js","/home/adi/workspace/rebus/careuri-definitii/js/hobby-36.js"
"hobby-37.js","/home/adi/workspace/rebus/careuri-definitii/js/hobby-37.js"
"hobby-38.js","/home/adi/workspace/rebus/careuri-definitii/js/hobby-38.js"
"hobby-39.js","/home/adi/workspace/rebus/careuri-definitii/js/hobby-39.js"
"hobby-40.js","/home/adi/workspace/rebus/careuri-definitii/js/hobby-40.js"
"hobby-41.js","/home/adi/workspace/rebus/careuri-definitii/js/hobby-41.js"
"hobby-42.js","/home/adi/workspace/rebus/careuri-definitii/js/hobby-42.js"
"hobby-44.js","/home/adi/workspace/rebus/careuri-definitii-2/js/hobby-44.js"
"hobby-45.js","/home/adi/workspace/rebus/careuri-definitii/js/hobby-45.js"
"hobby-46.js","/home/adi/workspace/rebus/careuri-definitii/js/hobby-46.js"
"hobby-47.js","/home/adi/workspace/rebus/careuri-definitii/js/hobby-47.js"
"hobby-48.js","/home/adi/workspace/rebus/careuri-definitii/js/hobby-48.js"
"hobby-49.js","/home/adi/workspace/rebus/careuri-definitii/js/hobby-49.js"
"hobby-50.js","/home/adi/workspace/rebus/careuri-definitii/js/hobby-50.js"
"hobby-51.js","/home/adi/workspace/rebus/careuri-definitii/js/hobby-51.js"
"hobby-52.js","/home/adi/workspace/rebus/careuri-definitii/js/hobby-52.js"
"hobby-53.js","/home/adi/workspace/rebus/careuri-definitii/js/hobby-53.js"
"hobby-54.js","/home/adi/workspace/rebus/careuri-definitii/js/hobby-54.js"
"hobby7.js","/home/adi/workspace/rebus/careuri-definitii/js/hobby7.js"
"hobby-8.js","/home/adi/workspace/rebus/careuri-definitii/js/hobby-8.js"
"hobby-9.js","/home/adi/workspace/rebus/careuri-definitii/js/hobby-9.js"
"hobby-bis.js","/home/adi/workspace/rebus/careuri-definitii/js/hobby-bis.js"
"hobby-cr25.js","/home/adi/workspace/rebus/careuri-definitii/js/hobby-cr25.js"
"hobby-cr27.js","/home/adi/workspace/rebus/careuri-definitii/js/hobby-cr27.js"
"hobby-cr28.js","/home/adi/workspace/rebus/careuri-definitii/js/hobby-cr28.js"
"hobby.js","/home/adi/workspace/rebus/careuri-definitii/js/hobby.js"
"hobby-xx.js","/home/adi/workspace/rebus/careuri-definitii-2/js/hobby-xx.js"
"hogback.js","/home/adi/workspace/rebus/careuri-definitii-3/js/hogback.js"
"hopuri.js","/home/adi/workspace/rebus/careuri-definitii-2/js/hopuri.js"
"hora-unirii.js","/home/adi/workspace/rebus/careuri-definitii/js/hora-unirii.js"
"hybris.js","/home/adi/workspace/rebus/careuri-definitii-3/js/hybris.js"
"idei-fixe.js","/home/adi/workspace/rebus/careuri-definitii-3/js/idei-fixe.js"
"idei.js","/home/adi/workspace/rebus/careuri-definitii-2/js/idei.js"
"idenii.js","/home/adi/workspace/rebus/careuri-definitii-2/js/idenii.js"
"iguana.js","/home/adi/workspace/rebus/careuri-definitii-2/js/iguana.js"
"iguane.js","/home/adi/workspace/rebus/careuri-definitii-2/js/iguane.js"
"i-love-you.js","/home/adi/workspace/rebus/careuri-definitii/js/i-love-you.js"
"ilustrate-din-alpi.js","/home/adi/workspace/rebus/careuri-definitii/js/ilustrate-din-alpi.js"
"iluzii.js","/home/adi/workspace/rebus/careuri-definitii-9/js/iluzii.js"
"impresii-turristice.js","/home/adi/workspace/rebus/careuri-definitii/js/impresii-turristice.js"
"impunsaturi.js","/home/adi/workspace/rebus/careuri-definitii-9/js/impunsaturi.js"
"in-armata.js","/home/adi/workspace/rebus/careuri-definitii/js/in-armata.js"
"in-comun.js","/home/adi/workspace/rebus/careuri-definitii-3/js/in-comun.js"
"indicii.js","/home/adi/workspace/rebus/careuri-definitii-2/js/indicii.js"
"inedit.js","/home/adi/workspace/rebus/careuri-definitii-2/js/inedit.js"
"infix.js","/home/adi/workspace/rebus/careuri-definitii-2/js/infix.js"
"in-memoriam.js","/home/adi/workspace/rebus/careuri-definitii-2/js/in-memoriam.js"
"inovatii.js","/home/adi/workspace/rebus/careuri-definitii-3/js/inovatii.js"
"inovatii.js","/home/adi/workspace/rebus/careuri-definitii-9/js/inovatii.js"
"interioare.js","/home/adi/workspace/rebus/careuri-definitii/js/interioare.js"
"inventii.js","/home/adi/workspace/rebus/careuri-definitii-3/js/inventii.js"
"inventii.js","/home/adi/workspace/rebus/careuri-definitii-9/js/inventii.js"
"inventum.js","/home/adi/workspace/rebus/careuri-definitii/js/inventum.js"
"ipso-facto.js","/home/adi/workspace/rebus/careuri-definitii-3/js/ipso-facto.js"
"irato.js","/home/adi/workspace/rebus/careuri-definitii-3/js/irato.js"
"irizatie.js","/home/adi/workspace/rebus/careuri-definitii/js/irizatie.js"
"isoane.js","/home/adi/workspace/rebus/careuri-definitii-3/js/isoane.js"
"ISOGLOSE-1.js","/home/adi/workspace/rebus/careuri-definitii-guinea-1/js/ISOGLOSE-1.js"
"ispisoc.js","/home/adi/workspace/rebus/careuri-definitii-2/js/ispisoc.js"
"ispite.js","/home/adi/workspace/rebus/careuri-definitii-2/js/ispite.js"
"ispite.js","/home/adi/workspace/rebus/careuri-definitii/js/ispite.js"
"jacuzzi.js","/home/adi/workspace/rebus/careuri-definitii-3/js/jacuzzi.js"
"jai-lai.js","/home/adi/workspace/rebus/careuri-definitii-3/js/jai-lai.js"
"jaloane..js","/home/adi/workspace/rebus/careuri-definitii-3/js/jaloane..js"
"jaloane.js","/home/adi/workspace/rebus/careuri-definitii-3/js/jaloane.js"
"jaloane.js","/home/adi/workspace/rebus/careuri-definitii-4/js/jaloane.js"
"JALOANE.js","/home/adi/workspace/rebus/careuri-definitii-guinea-1/js/JALOANE.js"
"jam-session.js","/home/adi/workspace/rebus/careuri-definitii-3/js/jam-session.js"
"jazzband.js","/home/adi/workspace/rebus/careuri-definitii-3/js/jazzband.js"
"joaca-de-copii.js","/home/adi/workspace/rebus/careuri-definitii-2/js/joaca-de-copii.js"
"jocdecap.js","/home/adi/workspace/rebus/careuri-definitii-3/js/jocdecap.js"
"joc-de-fotbal.js","/home/adi/workspace/rebus/careuri-definitii/js/joc-de-fotbal.js"
"joc-de-lumini.js","/home/adi/workspace/rebus/careuri-definitii/js/joc-de-lumini.js"
"joc-dublu.js","/home/adi/workspace/rebus/careuri-definitii-3/js/joc-dublu.js"
"joker.js","/home/adi/workspace/rebus/careuri-definitii-2/js/joker.js"
"joker.js","/home/adi/workspace/rebus/careuri-definitii/js/joker.js"
"jonglerii.js","/home/adi/workspace/rebus/careuri-definitii-3/js/jonglerii.js"
"jonglerii.js","/home/adi/workspace/rebus/careuri-definitii-9/js/jonglerii.js"
"jquery.crossword.js","/home/adi/workspace/rebus/careuri-definitii-2/js/jquery.crossword.js"
"jquery.crossword.js","/home/adi/workspace/rebus/careuri-definitii-3/js/jquery.crossword.js"
"jquery.crossword.js","/home/adi/workspace/rebus/careuri-definitii-4/js/jquery.crossword.js"
"jquery.crossword.js","/home/adi/workspace/rebus/careuri-definitii-9/js/jquery.crossword.js"
"jquery.crossword.js","/home/adi/workspace/rebus/careuri-definitii-gazea-1/js/jquery.crossword.js"
"jquery.crossword.js","/home/adi/workspace/rebus/careuri-definitii-gazea-2/js/jquery.crossword.js"
"jquery.crossword.js","/home/adi/workspace/rebus/careuri-definitii-guinea-1/js/jquery.crossword.js"
"jquery.crossword.js","/home/adi/workspace/rebus/careuri-definitii/js/jquery.crossword.js"
"jquery.remchar.js","/home/adi/workspace/rebus/careuri-definitii/js/jquery.remchar.js"
"jquery.withkeyboard.js","/home/adi/workspace/rebus/careuri-definitii-3/js/jquery.withkeyboard.js"
"jquery.withkeyboard.js","/home/adi/workspace/rebus/careuri-definitii-gazea-1/js/jquery.withkeyboard.js"
"jquery.withkeyboard.js","/home/adi/workspace/rebus/careuri-definitii-gazea-2/js/jquery.withkeyboard.js"
"jquery.withkeyboard.js","/home/adi/workspace/rebus/careuri-definitii-guinea-1/js/jquery.withkeyboard.js"
".js","/home/adi/workspace/rebus/careuri-definitii-2/js/.js"
"jungle-style.js","/home/adi/workspace/rebus/careuri-definitii-3/js/jungle-style.js"
"jungle-style.js","/home/adi/workspace/rebus/careuri-definitii-9/js/jungle-style.js"
"just-for-clu.js","/home/adi/workspace/rebus/careuri-definitii-2/js/just-for-clu.js"
"juxta.js","/home/adi/workspace/rebus/careuri-definitii-3/js/juxta.js"
"kaburi.js","/home/adi/workspace/rebus/careuri-definitii-2/js/kaburi.js"
"karaoke.js","/home/adi/workspace/rebus/careuri-definitii-3/js/karaoke.js"
"KASIDĂ-doc.js","/home/adi/workspace/rebus/careuri-definitii-guinea-1/js/KASIDĂ-doc.js"
"katoomba.js","/home/adi/workspace/rebus/careuri-definitii-2/js/katoomba.js"
"kemang.js","/home/adi/workspace/rebus/careuri-definitii-4/js/kemang.js"
"kilt.js","/home/adi/workspace/rebus/careuri-definitii/js/kilt.js"
"knock-down.js","/home/adi/workspace/rebus/careuri-definitii-3/js/knock-down.js"
"know-how-guinea.js","/home/adi/workspace/rebus/careuri-definitii/js/know-how-guinea.js"
"know-how.js","/home/adi/workspace/rebus/careuri-definitii/js/know-how.js"
"knowhow.js","/home/adi/workspace/rebus/careuri-definitii-3/js/knowhow.js"
"koala.js","/home/adi/workspace/rebus/careuri-definitii/js/koala.js"
"kookaburra.js","/home/adi/workspace/rebus/careuri-definitii-9/js/kookaburra.js"
"kyudo.js","/home/adi/workspace/rebus/careuri-definitii-3/js/kyudo.js"
"lamento.js","/home/adi/workspace/rebus/careuri-definitii-2/js/lamento.js"
"la-multi-bani.js","/home/adi/workspace/rebus/careuri-definitii/js/la-multi-bani.js"
"LBR-38.js","/home/adi/workspace/rebus/careuri-definitii-gazea-1/js/LBR-38.js"
"LBR-39.js","/home/adi/workspace/rebus/careuri-definitii-gazea-1/js/LBR-39.js"
"LBR-40.js","/home/adi/workspace/rebus/careuri-definitii-gazea-1/js/LBR-40.js"
"LBR-41.js","/home/adi/workspace/rebus/careuri-definitii-gazea-1/js/LBR-41.js"
"LBR-42.js","/home/adi/workspace/rebus/careuri-definitii-gazea-1/js/LBR-42.js"
"LBR-43.js","/home/adi/workspace/rebus/careuri-definitii-gazea-1/js/LBR-43.js"
"LBR-44-bopa-hopa.js","/home/adi/workspace/rebus/careuri-definitii-gazea-1/js/LBR-44-bopa-hopa.js"
"LBR-44-chichițe.js","/home/adi/workspace/rebus/careuri-definitii-gazea-1/js/LBR-44-chichițe.js"
"LBR-56.js","/home/adi/workspace/rebus/careuri-definitii-gazea-1/js/LBR-56.js"
"legato.js","/home/adi/workspace/rebus/careuri-definitii-3/js/legato.js"
"leghe.js","/home/adi/workspace/rebus/careuri-definitii-2/js/leghe.js"
"lisisme.js","/home/adi/workspace/rebus/careuri-definitii/js/lisisme.js"
"lissa.js","/home/adi/workspace/rebus/careuri-definitii/js/lissa.js"
"looping.js","/home/adi/workspace/rebus/careuri-definitii-3/js/looping.js"
"lumi-paralele.js","/home/adi/workspace/rebus/careuri-definitii-2/js/lumi-paralele.js"
"macheta.js","/home/adi/workspace/rebus/careuri-definitii/js/macheta.js"
"macumba.js","/home/adi/workspace/rebus/careuri-definitii-9/js/macumba.js"
"magice.js","/home/adi/workspace/rebus/careuri-definitii-2/js/magice.js"
"magpie.js","/home/adi/workspace/rebus/careuri-definitii-9/js/magpie.js"
"magurele.js","/home/adi/workspace/rebus/careuri-definitii-9/js/magurele.js"
"MALTEZE-00.js","/home/adi/workspace/rebus/careuri-definitii-guinea-1/js/MALTEZE-00.js"
"malteze.js","/home/adi/workspace/rebus/careuri-definitii-9/js/malteze.js"
"marafet.js","/home/adi/workspace/rebus/careuri-definitii-2/js/marafet.js"
"marcaj.js","/home/adi/workspace/rebus/careuri-definitii-2/js/marcaj.js"
"maree-1.js","/home/adi/workspace/rebus/careuri-definitii-3/js/maree-1.js"
"marias.js","/home/adi/workspace/rebus/careuri-definitii/js/marias.js"
"marimba.js","/home/adi/workspace/rebus/careuri-definitii-3/js/marimba.js"
"marinism.js","/home/adi/workspace/rebus/careuri-definitii-3/js/marinism.js"
"mariscos.js","/home/adi/workspace/rebus/careuri-definitii-9/js/mariscos.js"
"match.js","/home/adi/workspace/rebus/careuri-definitii-2/js/match.js"
"maximizari.js","/home/adi/workspace/rebus/careuri-definitii-3/js/maximizari.js"
"maze64.js","/home/adi/workspace/rebus/careuri-definitii-3/js/maze64.js"
"MAZE.js","/home/adi/workspace/rebus/careuri-definitii-guinea-1/js/MAZE.js"
"mda.js","/home/adi/workspace/rebus/careuri-definitii/js/mda.js"
"meditatoare.js","/home/adi/workspace/rebus/careuri-definitii-2/js/meditatoare.js"
"melos.js","/home/adi/workspace/rebus/careuri-definitii-3/js/melos.js"
"memento.js","/home/adi/workspace/rebus/careuri-definitii-2/js/memento.js"
"merg-la-risc.js","/home/adi/workspace/rebus/careuri-definitii-3/js/merg-la-risc.js"
"mezelic.js","/home/adi/workspace/rebus/careuri-definitii-2/js/mezelic.js"
"mezelicuri.js","/home/adi/workspace/rebus/careuri-definitii-2/js/mezelicuri.js"
"miragiu.js","/home/adi/workspace/rebus/careuri-definitii-2/js/miragiu.js"
"mirateai.js","/home/adi/workspace/rebus/careuri-definitii/js/mirateai.js"
"mixaje.js","/home/adi/workspace/rebus/careuri-definitii/js/mixaje.js"
"mobbing.js","/home/adi/workspace/rebus/careuri-definitii-9/js/mobbing.js"
"moca.js","/home/adi/workspace/rebus/careuri-definitii/js/moca.js"
"mocanesti.js","/home/adi/workspace/rebus/careuri-definitii/js/mocanesti.js"
"modelling.js","/home/adi/workspace/rebus/careuri-definitii-3/js/modelling.js"
"modelling.js","/home/adi/workspace/rebus/careuri-definitii-9/js/modelling.js"
"modem.js","/home/adi/workspace/rebus/careuri-definitii-2/js/modem.js"
"MODUS-VIVENDI-2.js","/home/adi/workspace/rebus/careuri-definitii-guinea-1/js/MODUS-VIVENDI-2.js"
"mofturi.js","/home/adi/workspace/rebus/careuri-definitii/js/mofturi.js"
"mormaieli.js","/home/adi/workspace/rebus/careuri-definitii-3/js/mormaieli.js"
"mortis.js","/home/adi/workspace/rebus/careuri-definitii-2/js/mortis.js"
"mozaic.js","/home/adi/workspace/rebus/careuri-definitii-3/js/mozaic.js"
"mozaic.js","/home/adi/workspace/rebus/careuri-definitii/js/mozaic.js"
"muguri-de-lumina.js","/home/adi/workspace/rebus/careuri-definitii/js/muguri-de-lumina.js"
"napa-valley.js","/home/adi/workspace/rebus/careuri-definitii-3/js/napa-valley.js"
"nesarate.js","/home/adi/workspace/rebus/careuri-definitii-4/js/nesarate.js"
"neume.js","/home/adi/workspace/rebus/careuri-definitii-3/js/neume.js"
"neutral.js","/home/adi/workspace/rebus/careuri-definitii-2/js/neutral.js"
"nevrica.js","/home/adi/workspace/rebus/careuri-definitii-2/js/nevrica.js"
"ningaloo.js","/home/adi/workspace/rebus/careuri-definitii-3/js/ningaloo.js"
"nixis.js","/home/adi/workspace/rebus/careuri-definitii-2/js/nixis.js"
"nixis.js","/home/adi/workspace/rebus/careuri-definitii-3/js/nixis.js"
"noname.js","/home/adi/workspace/rebus/careuri-definitii/js/noname.js"
"norther.js","/home/adi/workspace/rebus/careuri-definitii-3/js/norther.js"
"nostalgie.js","/home/adi/workspace/rebus/careuri-definitii/js/nostalgie.js"
"nostalgii.js","/home/adi/workspace/rebus/careuri-definitii-3/js/nostalgii.js"
"nostimade.js","/home/adi/workspace/rebus/careuri-definitii-3/js/nostimade.js"
"note-mari.js","/home/adi/workspace/rebus/careuri-definitii/js/note-mari.js"
"notes.js","/home/adi/workspace/rebus/careuri-definitii/js/notes.js"
"nove.js","/home/adi/workspace/rebus/careuri-definitii-2/js/nove.js"
"numar-de-numar.js","/home/adi/workspace/rebus/careuri-definitii/js/numar-de-numar.js"
"ocheade.js","/home/adi/workspace/rebus/careuri-definitii-2/js/ocheade.js"
"odeon.js","/home/adi/workspace/rebus/careuri-definitii/js/odeon.js"
"of-1.js","/home/adi/workspace/rebus/careuri-definitii-3/js/of-1.js"
"of-2.js","/home/adi/workspace/rebus/careuri-definitii-3/js/of-2.js"
"oferte2.js","/home/adi/workspace/rebus/careuri-definitii-4/js/oferte2.js"
"oferte.js","/home/adi/workspace/rebus/careuri-definitii-2/js/oferte.js"
"oferte.js","/home/adi/workspace/rebus/careuri-definitii-9/js/oferte.js"
"o-incercare.js","/home/adi/workspace/rebus/careuri-definitii/js/o-incercare.js"
"o-invartita.js","/home/adi/workspace/rebus/careuri-definitii-2/js/o-invartita.js"
"olimpo.js","/home/adi/workspace/rebus/careuri-definitii-3/js/olimpo.js"
"online.js","/home/adi/workspace/rebus/careuri-definitii/js/online.js"
"onor.js","/home/adi/workspace/rebus/careuri-definitii-2/js/onor.js"
"opinii.js","/home/adi/workspace/rebus/careuri-definitii-2/js/opinii.js"
"opise.js","/home/adi/workspace/rebus/careuri-definitii-3/js/opise.js"
"optim.js","/home/adi/workspace/rebus/careuri-definitii-2/js/optim.js"
"ora-de-matematica.js","/home/adi/workspace/rebus/careuri-definitii/js/ora-de-matematica.js"
"orchestratii.js","/home/adi/workspace/rebus/careuri-definitii-9/js/orchestratii.js"
"orientari.js","/home/adi/workspace/rebus/careuri-definitii/js/orientari.js"
"outback.js","/home/adi/workspace/rebus/careuri-definitii-4/js/outback.js"
"o-vale.js","/home/adi/workspace/rebus/careuri-definitii-2/js/o-vale.js"
"paleative.js","/home/adi/workspace/rebus/careuri-definitii-2/js/paleative.js"
"paradigme.js","/home/adi/workspace/rebus/careuri-definitii-9/js/paradigme.js"
"parole-parole.js","/home/adi/workspace/rebus/careuri-definitii-3/js/parole-parole.js"
"parol.js","/home/adi/workspace/rebus/careuri-definitii-2/js/parol.js"
"parteneriat.js","/home/adi/workspace/rebus/careuri-definitii/js/parteneriat.js"
"partida.js","/home/adi/workspace/rebus/careuri-definitii/js/partida.js"
"pase-ideale.js","/home/adi/workspace/rebus/careuri-definitii-9/js/pase-ideale.js"
"patru-culori.js","/home/adi/workspace/rebus/careuri-definitii-2/js/patru-culori.js"
"patrulater.js","/home/adi/workspace/rebus/careuri-definitii-3/js/patrulater.js"
"patru-la-unu.js","/home/adi/workspace/rebus/careuri-definitii-9/js/patru-la-unu.js"
"patru-rebusisti.js","/home/adi/workspace/rebus/careuri-definitii-9/js/patru-rebusisti.js"
"patrux4.js","/home/adi/workspace/rebus/careuri-definitii-3/js/patrux4.js"
"pauliene.js","/home/adi/workspace/rebus/careuri-definitii/js/pauliene.js"
"pe-loc-repaus.js","/home/adi/workspace/rebus/careuri-definitii-2/js/pe-loc-repaus.js"
"peroratii.js","/home/adi/workspace/rebus/careuri-definitii-9/js/peroratii.js"
"pe-serpentine.js","/home/adi/workspace/rebus/careuri-definitii/js/pe-serpentine.js"
"pe-tribune.js","/home/adi/workspace/rebus/careuri-definitii-2/js/pe-tribune.js"
"picatele.js","/home/adi/workspace/rebus/careuri-definitii-2/js/picatele.js"
"picuri.js","/home/adi/workspace/rebus/careuri-definitii-3/js/picuri.js"
"pinax.js","/home/adi/workspace/rebus/careuri-definitii-3/js/pinax.js"
"piste-false.js","/home/adi/workspace/rebus/careuri-definitii-3/js/piste-false.js"
"plasmuire.js","/home/adi/workspace/rebus/careuri-definitii-3/js/plasmuire.js"
"play.js","/home/adi/workspace/rebus/careuri-definitii-2/js/play.js"
"plici.js","/home/adi/workspace/rebus/careuri-definitii-2/js/plici.js"
"pn.js","/home/adi/workspace/rebus/careuri-definitii/js/pn.js"
"podoabe.js","/home/adi/workspace/rebus/careuri-definitii-2/js/podoabe.js"
"poftiti.js","/home/adi/workspace/rebus/careuri-definitii/js/poftiti.js"
"ponturi.js","/home/adi/workspace/rebus/careuri-definitii/js/ponturi.js"
"possum.js","/home/adi/workspace/rebus/careuri-definitii/js/possum.js"
"povesti.js","/home/adi/workspace/rebus/careuri-definitii-2/js/povesti.js"
"povestiri-din-oz.js","/home/adi/workspace/rebus/careuri-definitii/js/povestiri-din-oz.js"
"precizare.js","/home/adi/workspace/rebus/careuri-definitii-2/js/precizare.js"
"premeditare.js","/home/adi/workspace/rebus/careuri-definitii-2/js/premeditare.js"
"prezentari.js","/home/adi/workspace/rebus/careuri-definitii/js/prezentari.js"
"probe.js","/home/adi/workspace/rebus/careuri-definitii-2/js/probe.js"
"procent.js","/home/adi/workspace/rebus/careuri-definitii-2/js/procent.js"
"procentual.js","/home/adi/workspace/rebus/careuri-definitii-2/js/procentual.js"
"prognoze.js","/home/adi/workspace/rebus/careuri-definitii-3/js/prognoze.js"
"proiectii.js","/home/adi/workspace/rebus/careuri-definitii-2/js/proiectii.js"
"promotii.js","/home/adi/workspace/rebus/careuri-definitii-3/js/promotii.js"
"psalmuire.js","/home/adi/workspace/rebus/careuri-definitii-3/js/psalmuire.js"
"puncte-de-vedere.js","/home/adi/workspace/rebus/careuri-definitii/js/puncte-de-vedere.js"
"punctul-g.js","/home/adi/workspace/rebus/careuri-definitii-2/js/punctul-g.js"
"qigong.js","/home/adi/workspace/rebus/careuri-definitii-3/js/qigong.js"
"quartet.js","/home/adi/workspace/rebus/careuri-definitii-3/js/quartet.js"
"quartet.js","/home/adi/workspace/rebus/careuri-definitii-4/js/quartet.js"
"quartet.js","/home/adi/workspace/rebus/careuri-definitii-9/js/quartet.js"
"quatro.js","/home/adi/workspace/rebus/careuri-definitii-2/js/quatro.js"
"quintet.js","/home/adi/workspace/rebus/careuri-definitii-3/js/quintet.js"
"quokka.js","/home/adi/workspace/rebus/careuri-definitii-9/js/quokka.js"
"QUOKKA.js","/home/adi/workspace/rebus/careuri-definitii-guinea-1/js/QUOKKA.js"
"quolibet.js","/home/adi/workspace/rebus/careuri-definitii-3/js/quolibet.js"
"randuri.js","/home/adi/workspace/rebus/careuri-definitii-3/js/randuri.js"
"rautacisme.js","/home/adi/workspace/rebus/careuri-definitii-2/js/rautacisme.js"
"reaparitii.js","/home/adi/workspace/rebus/careuri-definitii-3/js/reaparitii.js"
"reaparitii.js","/home/adi/workspace/rebus/careuri-definitii-9/js/reaparitii.js"
"recapitulare.js","/home/adi/workspace/rebus/careuri-definitii-2/js/recapitulare.js"
"recidiva.js","/home/adi/workspace/rebus/careuri-definitii-2/js/recidiva.js"
"recviem.js","/home/adi/workspace/rebus/careuri-definitii/js/recviem.js"
"releveu.js","/home/adi/workspace/rebus/careuri-definitii-2/js/releveu.js"
"repere-torineze.js","/home/adi/workspace/rebus/careuri-definitii/js/repere-torineze.js"
"respect.js","/home/adi/workspace/rebus/careuri-definitii/js/respect.js"
"retus.js","/home/adi/workspace/rebus/careuri-definitii/js/retus.js"
"revers.js","/home/adi/workspace/rebus/careuri-definitii/js/revers.js"
"rezolutii.js","/home/adi/workspace/rebus/careuri-definitii-3/js/rezolutii.js"
"RID-4-1.js","/home/adi/workspace/rebus/careuri-definitii-gazea-1/js/RID-4-1.js"
"RID-4-2.js","/home/adi/workspace/rebus/careuri-definitii-gazea-1/js/RID-4-2.js"
"RID-4-3.js","/home/adi/workspace/rebus/careuri-definitii-gazea-1/js/RID-4-3.js"
"RID-4-4.js","/home/adi/workspace/rebus/careuri-definitii-gazea-1/js/RID-4-4.js"
"RID-4-5.js","/home/adi/workspace/rebus/careuri-definitii-gazea-1/js/RID-4-5.js"
"RID-5-1.js","/home/adi/workspace/rebus/careuri-definitii-gazea-1/js/RID-5-1.js"
"RID-5-2.js","/home/adi/workspace/rebus/careuri-definitii-gazea-1/js/RID-5-2.js"
"RID-5-3.js","/home/adi/workspace/rebus/careuri-definitii-gazea-1/js/RID-5-3.js"
"RID-5-4.js","/home/adi/workspace/rebus/careuri-definitii-gazea-1/js/RID-5-4.js"
"RID-5-5.js","/home/adi/workspace/rebus/careuri-definitii-gazea-1/js/RID-5-5.js"
"RID-5-6.js","/home/adi/workspace/rebus/careuri-definitii-gazea-1/js/RID-5-6.js"
"riposte.js","/home/adi/workspace/rebus/careuri-definitii-3/js/riposte.js"
"ritmuri-lente.js","/home/adi/workspace/rebus/careuri-definitii/js/ritmuri-lente.js"
"rockies.js","/home/adi/workspace/rebus/careuri-definitii-3/js/rockies.js"
"rococo.js","/home/adi/workspace/rebus/careuri-definitii/js/rococo.js"
"rogodele.js","/home/adi/workspace/rebus/careuri-definitii-3/js/rogodele.js"
"roluri.js","/home/adi/workspace/rebus/careuri-definitii/js/roluri.js"
"romanta.js","/home/adi/workspace/rebus/careuri-definitii/js/romanta.js"
"router-wireless.js","/home/adi/workspace/rebus/careuri-definitii-3/js/router-wireless.js"
"rugby.js","/home/adi/workspace/rebus/careuri-definitii-9/js/rugby.js"
"rurale.js","/home/adi/workspace/rebus/careuri-definitii/js/rurale.js"
"sah-has.js","/home/adi/workspace/rebus/careuri-definitii-2/js/sah-has.js"
"sa-ne-veselim.js","/home/adi/workspace/rebus/careuri-definitii/js/sa-ne-veselim.js"
"sarje.js","/home/adi/workspace/rebus/careuri-definitii/js/sarje.js"
"saruri.js","/home/adi/workspace/rebus/careuri-definitii-3/js/saruri.js"
"scatoalce.js","/home/adi/workspace/rebus/careuri-definitii-3/js/scatoalce.js"
"scheci.js","/home/adi/workspace/rebus/careuri-definitii-2/js/scheci.js"
"scheme.js","/home/adi/workspace/rebus/careuri-definitii-3/js/scheme.js"
"scherzo.js","/home/adi/workspace/rebus/careuri-definitii-3/js/scherzo.js"
"sclipiri.js","/home/adi/workspace/rebus/careuri-definitii-3/js/sclipiri.js"
"scorneli.js","/home/adi/workspace/rebus/careuri-definitii-2/js/scorneli.js"
"scotties.js","/home/adi/workspace/rebus/careuri-definitii-3/js/scotties.js"
"scripte-r.js","/home/adi/workspace/rebus/careuri-definitii-3/js/scripte-r.js"
"SEMNE-BUNE.js","/home/adi/workspace/rebus/careuri-definitii-guinea-1/js/SEMNE-BUNE.js"
"senryu.js","/home/adi/workspace/rebus/careuri-definitii-3/js/senryu.js"
"septet.js","/home/adi/workspace/rebus/careuri-definitii/js/septet.js"
"septolet.js","/home/adi/workspace/rebus/careuri-definitii-2/js/septolet.js"
"serviti-cu-apa.js","/home/adi/workspace/rebus/careuri-definitii/js/serviti-cu-apa.js"
"sfere-de-atractie.js","/home/adi/workspace/rebus/careuri-definitii/js/sfere-de-atractie.js"
"sfere.js","/home/adi/workspace/rebus/careuri-definitii-2/js/sfere.js"
"sferturi-acad.js","/home/adi/workspace/rebus/careuri-definitii-4/js/sferturi-acad.js"
"show.js","/home/adi/workspace/rebus/careuri-definitii/js/show.js"
"sigilii.js","/home/adi/workspace/rebus/careuri-definitii-3/js/sigilii.js"
"silabisiri.js","/home/adi/workspace/rebus/careuri-definitii-2/js/silabisiri.js"
"simetrice.js","/home/adi/workspace/rebus/careuri-definitii/js/simetrice.js"
"simetrii.js","/home/adi/workspace/rebus/careuri-definitii/js/simetrii.js"
"simeze.js","/home/adi/workspace/rebus/careuri-definitii-3/js/simeze.js"
"simple-constatari.js","/home/adi/workspace/rebus/careuri-definitii/js/simple-constatari.js"
"sincretisme.js","/home/adi/workspace/rebus/careuri-definitii-2/js/sincretisme.js"
"sistem-de-referinta.js","/home/adi/workspace/rebus/careuri-definitii/js/sistem-de-referinta.js"
"smog.js","/home/adi/workspace/rebus/careuri-definitii-2/js/smog.js"
"smog.js","/home/adi/workspace/rebus/careuri-definitii/js/smog.js"
"snow-board.js","/home/adi/workspace/rebus/careuri-definitii-3/js/snow-board.js"
"socceroos.js","/home/adi/workspace/rebus/careuri-definitii/js/socceroos.js"
"sombrero.js","/home/adi/workspace/rebus/careuri-definitii-2/js/sombrero.js"
"somes-milcov-1.js","/home/adi/workspace/rebus/careuri-definitii/js/somes-milcov-1.js"
"somes-milcov-2.js","/home/adi/workspace/rebus/careuri-definitii/js/somes-milcov-2.js"
"somes-milcov-3.js","/home/adi/workspace/rebus/careuri-definitii/js/somes-milcov-3.js"
"song.js","/home/adi/workspace/rebus/careuri-definitii-2/js/song.js"
"sound-blaster.js","/home/adi/workspace/rebus/careuri-definitii-3/js/sound-blaster.js"
"specialitati.js","/home/adi/workspace/rebus/careuri-definitii-9/js/specialitati.js"
"speech.js","/home/adi/workspace/rebus/careuri-definitii-2/js/speech.js"
"speze.js","/home/adi/workspace/rebus/careuri-definitii-3/js/speze.js"
"spiritual.js","/home/adi/workspace/rebus/careuri-definitii-2/js/spiritual.js"
"spre-inaltimi.js","/home/adi/workspace/rebus/careuri-definitii/js/spre-inaltimi.js"
"stele-verzi.js","/home/adi/workspace/rebus/careuri-definitii-3/js/stele-verzi.js"
"stil.js","/home/adi/workspace/rebus/careuri-definitii-2/js/stil.js"
"stop-cadru.js","/home/adi/workspace/rebus/careuri-definitii-3/js/stop-cadru.js"
"stres-3.js","/home/adi/workspace/rebus/careuri-definitii-3/js/stres-3.js"
"stres_3.js","/home/adi/workspace/rebus/careuri-definitii-3/js/stres_3.js"
"stringendo.js","/home/adi/workspace/rebus/careuri-definitii/js/stringendo.js"
"succinte.js","/home/adi/workspace/rebus/careuri-definitii/js/succinte.js"
"suetavirtuala.js","/home/adi/workspace/rebus/careuri-definitii/js/suetavirtuala.js"
"suete.js","/home/adi/workspace/rebus/careuri-definitii-2/js/suete.js"
"summer-time.js","/home/adi/workspace/rebus/careuri-definitii-2/js/summer-time.js"
"superlative.js","/home/adi/workspace/rebus/careuri-definitii/js/superlative.js"
"swagman.js","/home/adi/workspace/rebus/careuri-definitii-4/js/swagman.js"
"swing.js","/home/adi/workspace/rebus/careuri-definitii-3/js/swing.js"
"tala-tala.js","/home/adi/workspace/rebus/careuri-definitii-3/js/tala-tala.js"
"talismane.js","/home/adi/workspace/rebus/careuri-definitii-3/js/talismane.js"
"tandem.js","/home/adi/workspace/rebus/careuri-definitii-2/js/tandem.js"
"tangaj.js","/home/adi/workspace/rebus/careuri-definitii-2/js/tangaj.js"
"tare-de-car.js","/home/adi/workspace/rebus/careuri-definitii-2/js/tare-de-car.js"
"tatuaje.js","/home/adi/workspace/rebus/careuri-definitii-3/js/tatuaje.js"
"telerebus.js","/home/adi/workspace/rebus/careuri-definitii/js/telerebus.js"
"tertet.js","/home/adi/workspace/rebus/careuri-definitii/js/tertet.js"
"teze.js","/home/adi/workspace/rebus/careuri-definitii/js/teze.js"
"tim-tam.js","/home/adi/workspace/rebus/careuri-definitii-2/js/tim-tam.js"
"tipi-si-tipuri.js","/home/adi/workspace/rebus/careuri-definitii-2/js/tipi-si-tipuri.js"
"tirade.js","/home/adi/workspace/rebus/careuri-definitii-2/js/tirade.js"
"tmeze.js","/home/adi/workspace/rebus/careuri-definitii-2/js/tmeze.js"
"toast.js","/home/adi/workspace/rebus/careuri-definitii/js/toast.js"
"tombola.js","/home/adi/workspace/rebus/careuri-definitii-2/js/tombola.js"
"toowomba.js","/home/adi/workspace/rebus/careuri-definitii-3/js/toowomba.js"
"toowong.js","/home/adi/workspace/rebus/careuri-definitii-3/js/toowong.js"
"topspine.js","/home/adi/workspace/rebus/careuri-definitii/js/topspine.js"
"transplant.js","/home/adi/workspace/rebus/careuri-definitii-2/js/transplant.js"
"trasnai.js","/home/adi/workspace/rebus/careuri-definitii-4/js/trasnai.js"
"trendy.js","/home/adi/workspace/rebus/careuri-definitii-9/js/trendy.js"
"triada.js","/home/adi/workspace/rebus/careuri-definitii-3/js/triada.js"
"trick.js","/home/adi/workspace/rebus/careuri-definitii/js/trick.js"
"trio.js","/home/adi/workspace/rebus/careuri-definitii-9/js/trio.js"
"triplex.js","/home/adi/workspace/rebus/careuri-definitii-3/js/triplex.js"
"trivalente.js","/home/adi/workspace/rebus/careuri-definitii-3/js/trivalente.js"
"truisme.js","/home/adi/workspace/rebus/careuri-definitii-3/js/truisme.js"
"tur-10.js","/home/adi/workspace/rebus/careuri-definitii-3/js/tur-10.js"
"tur-5.js","/home/adi/workspace/rebus/careuri-definitii-3/js/tur-5.js"
"tur-6.js","/home/adi/workspace/rebus/careuri-definitii-3/js/tur-6.js"
"tur-7.js","/home/adi/workspace/rebus/careuri-definitii-3/js/tur-7.js"
"tur-8.js","/home/adi/workspace/rebus/careuri-definitii-3/js/tur-8.js"
"tur-9.js","/home/adi/workspace/rebus/careuri-definitii-3/js/tur-9.js"
"tura-vura.js","/home/adi/workspace/rebus/careuri-definitii/js/tura-vura.js"
"turnu.js","/home/adi/workspace/rebus/careuri-definitii-9/js/turnu.js"
"turris-aniversar.js","/home/adi/workspace/rebus/careuri-definitii-2/js/turris-aniversar.js"
"turris-jubiliar.js","/home/adi/workspace/rebus/careuri-definitii-2/js/turris-jubiliar.js"
"turrist-1.js","/home/adi/workspace/rebus/careuri-definitii-2/js/turrist-1.js"
"turrist-2.js","/home/adi/workspace/rebus/careuri-definitii-2/js/turrist-2.js"
"turrist-3.js","/home/adi/workspace/rebus/careuri-definitii-2/js/turrist-3.js"
"turrist-3.js","/home/adi/workspace/rebus/careuri-definitii-3/js/turrist-3.js"
"turrist-4.js","/home/adi/workspace/rebus/careuri-definitii-2/js/turrist-4.js"
"turristice-cr.js","/home/adi/workspace/rebus/careuri-definitii/js/turristice-cr.js"
"turristice-optim-100.js","/home/adi/workspace/rebus/careuri-definitii/js/turristice-optim-100.js"
"turristice-optim-1.js","/home/adi/workspace/rebus/careuri-definitii/js/turristice-optim-1.js"
"turristice-optim-2.js","/home/adi/workspace/rebus/careuri-definitii/js/turristice-optim-2.js"
"turristice-optim-97.js","/home/adi/workspace/rebus/careuri-definitii/js/turristice-optim-97.js"
"turristice-optim-99.js","/home/adi/workspace/rebus/careuri-definitii/js/turristice-optim-99.js"
"turristici.js","/home/adi/workspace/rebus/careuri-definitii-2/js/turristici.js"
"tutto-bene.js","/home/adi/workspace/rebus/careuri-definitii-3/js/tutto-bene.js"
"ulladulla.js","/home/adi/workspace/rebus/careuri-definitii-9/js/ulladulla.js"
"ultimul-gong.js","/home/adi/workspace/rebus/careuri-definitii/js/ultimul-gong.js"
"un-careu-cuminte.js","/home/adi/workspace/rebus/careuri-definitii/js/un-careu-cuminte.js"
"unu.js","/home/adi/workspace/rebus/careuri-definitii/js/unu.js"
"unul-altul.js","/home/adi/workspace/rebus/careuri-definitii-2/js/unul-altul.js"
"ursit.js","/home/adi/workspace/rebus/careuri-definitii-3/js/ursit.js"
"uvraj.js","/home/adi/workspace/rebus/careuri-definitii-2/js/uvraj.js"
"vant-din-vest.js","/home/adi/workspace/rebus/careuri-definitii/js/vant-din-vest.js"
"variatiuni.js","/home/adi/workspace/rebus/careuri-definitii-3/js/variatiuni.js"
"veleitati.js","/home/adi/workspace/rebus/careuri-definitii/js/veleitati.js"
"verbiaj2.js","/home/adi/workspace/rebus/careuri-definitii-3/js/verbiaj2.js"
"verbiaj.js","/home/adi/workspace/rebus/careuri-definitii-2/js/verbiaj.js"
"verdicte.js","/home/adi/workspace/rebus/careuri-definitii/js/verdicte.js"
"verigi.js","/home/adi/workspace/rebus/careuri-definitii-2/js/verigi.js"
"versatile.js","/home/adi/workspace/rebus/careuri-definitii-2/js/versatile.js"
"vertij.js","/home/adi/workspace/rebus/careuri-definitii-2/js/vertij.js"
"vertijuri.js","/home/adi/workspace/rebus/careuri-definitii-3/js/vertijuri.js"
"VERZI-ȘI-USCATE.js","/home/adi/workspace/rebus/careuri-definitii-guinea-1/js/VERZI-ȘI-USCATE.js"
"vibrando.js","/home/adi/workspace/rebus/careuri-definitii/js/vibrando.js"
"vitralii-2.js","/home/adi/workspace/rebus/careuri-definitii/js/vitralii-2.js"
"vitralii.js","/home/adi/workspace/rebus/careuri-definitii-3/js/vitralii.js"
"vitralii.js","/home/adi/workspace/rebus/careuri-definitii/js/vitralii.js"
"vizuini.js","/home/adi/workspace/rebus/careuri-definitii-2/js/vizuini.js"
"vodevil.js","/home/adi/workspace/rebus/careuri-definitii/js/vodevil.js"
"volte.js","/home/adi/workspace/rebus/careuri-definitii-2/js/volte.js"
"vorbarie..js","/home/adi/workspace/rebus/careuri-definitii-3/js/vorbarie..js"
"vorbarie.js","/home/adi/workspace/rebus/careuri-definitii-3/js/vorbarie.js"
"vorbe.js","/home/adi/workspace/rebus/careuri-definitii/js/vorbe.js"
"vortex.js","/home/adi/workspace/rebus/careuri-definitii/js/vortex.js"
"vouchere2.js","/home/adi/workspace/rebus/careuri-definitii-3/js/vouchere2.js"
"vouchere.js","/home/adi/workspace/rebus/careuri-definitii-3/js/vouchere.js"
"vozglas.js","/home/adi/workspace/rebus/careuri-definitii-2/js/vozglas.js"
"waggawagga.js","/home/adi/workspace/rebus/careuri-definitii/js/waggawagga.js"
"wallabies.js","/home/adi/workspace/rebus/careuri-definitii-4/js/wallabies.js"
"wapiti.js","/home/adi/workspace/rebus/careuri-definitii-9/js/wapiti.js"
"waratah.js","/home/adi/workspace/rebus/careuri-definitii-2/js/waratah.js"
"wasserglass.js","/home/adi/workspace/rebus/careuri-definitii-3/js/wasserglass.js"
"weekend2.js","/home/adi/workspace/rebus/careuri-definitii/js/weekend2.js"
"weekend.js","/home/adi/workspace/rebus/careuri-definitii/js/weekend.js"
"wee-waa.js","/home/adi/workspace/rebus/careuri-definitii-9/js/wee-waa.js"
"welcome.js","/home/adi/workspace/rebus/careuri-definitii/js/welcome.js"
"welter.js","/home/adi/workspace/rebus/careuri-definitii-3/js/welter.js"
"western.js","/home/adi/workspace/rebus/careuri-definitii-2/js/western.js"
"whist.js","/home/adi/workspace/rebus/careuri-definitii-3/js/whist.js"
"wilayat.js","/home/adi/workspace/rebus/careuri-definitii-3/js/wilayat.js"
"wilayat.js","/home/adi/workspace/rebus/careuri-definitii-9/js/wilayat.js"
"wilbinga.js","/home/adi/workspace/rebus/careuri-definitii-4/js/wilbinga.js"
"window.js","/home/adi/workspace/rebus/careuri-definitii-3/js/window.js"
"WINNING-CARD.js","/home/adi/workspace/rebus/careuri-definitii-guinea-1/js/WINNING-CARD.js"
"witherit.js","/home/adi/workspace/rebus/careuri-definitii-3/js/witherit.js"
"wombat.js","/home/adi/workspace/rebus/careuri-definitii/js/wombat.js"
"woofer.js","/home/adi/workspace/rebus/careuri-definitii/js/woofer.js"
"woomera.js","/home/adi/workspace/rebus/careuri-definitii-9/js/woomera.js"
"workshop.js","/home/adi/workspace/rebus/careuri-definitii/js/workshop.js"
"xenisme.js","/home/adi/workspace/rebus/careuri-definitii-2/js/xenisme.js"
"xenisme.js","/home/adi/workspace/rebus/careuri-definitii-3/js/xenisme.js"
"xenolite.js","/home/adi/workspace/rebus/careuri-definitii-3/js/xenolite.js"
"xerografii.js","/home/adi/workspace/rebus/careuri-definitii-3/js/xerografii.js"
"xilograme-2.js","/home/adi/workspace/rebus/careuri-definitii-3/js/xilograme-2.js"
"xilograme.js","/home/adi/workspace/rebus/careuri-definitii-3/js/xilograme.js"
"xilolit.js","/home/adi/workspace/rebus/careuri-definitii-3/js/xilolit.js"
".xml.js","/home/adi/workspace/rebus/careuri-definitii-2/js/.xml.js"
"xoanon.js","/home/adi/workspace/rebus/careuri-definitii-3/js/xoanon.js"
"yankaninna.js","/home/adi/workspace/rebus/careuri-definitii-9/js/yankaninna.js"
"yardang-2.js","/home/adi/workspace/rebus/careuri-definitii-3/js/yardang-2.js"
"yardang.js","/home/adi/workspace/rebus/careuri-definitii-3/js/yardang.js"
"yawl.js","/home/adi/workspace/rebus/careuri-definitii-3/js/yawl.js"
"yeatmanite.js","/home/adi/workspace/rebus/careuri-definitii-3/js/yeatmanite.js"
"yellow-puncture.js","/home/adi/workspace/rebus/careuri-definitii-9/js/yellow-puncture.js"
"yenerite.js","/home/adi/workspace/rebus/careuri-definitii-3/js/yenerite.js"
"yoga.js","/home/adi/workspace/rebus/careuri-definitii-3/js/yoga.js"
"yumbarra.js","/home/adi/workspace/rebus/careuri-definitii-3/js/yumbarra.js"
"zabava.js","/home/adi/workspace/rebus/careuri-definitii-3/js/zabava.js"
"zaharicale.js","/home/adi/workspace/rebus/careuri-definitii-3/js/zaharicale.js"
"zapis.js","/home/adi/workspace/rebus/careuri-definitii-3/js/zapis.js"
"zazanii.js","/home/adi/workspace/rebus/careuri-definitii-3/js/zazanii.js"
"zbeng.js","/home/adi/workspace/rebus/careuri-definitii/js/zbeng.js"
"zbor.js","/home/adi/workspace/rebus/careuri-definitii-2/js/zbor.js"
"zece.js","/home/adi/workspace/rebus/careuri-definitii/js/zece.js"
"zenda.js","/home/adi/workspace/rebus/careuri-definitii-3/js/zenda.js"
"zero-din-patru.js","/home/adi/workspace/rebus/careuri-definitii-2/js/zero-din-patru.js"
"zexe2.js","/home/adi/workspace/rebus/careuri-definitii-2/js/zexe2.js"
"zexe.js","/home/adi/workspace/rebus/careuri-definitii-2/js/zexe.js"
"zigzag-2.js","/home/adi/workspace/rebus/careuri-definitii/js/zigzag-2.js"
"zigzag.js","/home/adi/workspace/rebus/careuri-definitii/js/zigzag.js"
"zimti.js","/home/adi/workspace/rebus/careuri-definitii-3/js/zimti.js"
"zodiac.js","/home/adi/workspace/rebus/careuri-definitii-2/js/zodiac.js"
"zoom-c.js","/home/adi/workspace/rebus/careuri-definitii-4/js/zoom-c.js"
"zoom.js","/home/adi/workspace/rebus/careuri-definitii/js/zoom.js"
"zorzoane.js","/home/adi/workspace/rebus/careuri-definitii-3/js/zorzoane.js"
"zvac.js","/home/adi/workspace/rebus/careuri-definitii-2/js/zvac.js"
