rationale_score,match,clue,answer,prediction,rationale
,False,Şters din datoria personalului de serviciu,pRAF,FIRE,"Expresia 'şters din datoria personalului de serviciu' sugerează o persoană care face treburi sau slujeşte nişte cărţi. În limba română, cuvântul 'fire' înseamnă o simplă desfăşurare, dezvoltare, progres, mai ales în ceea ce priveşte treburi, afaceri. Aceasta persoană este 'ştersă' adică apoi, detaşată, nevoită să-şi continue ruleta fără sprijin, deci cu propria sa putere. În plus, FIrE are 4 litere, corespunzând numărului de litere din hint."
,False,Înlocuire la adăpostul întunericului,IaTAC,PANSA,"Înlocuirea la adăpostul întunericului se poate referi la înlocuirea becului (pana) atunci când acesta s-a tot dus. Panza este panoul care protejează becul și reprezintă înlocuirea acestuia la adăpostul întunericului. În plus, cuvântul PANSA are exact 5 litere, în conformitate cu numărul indicat în hint."
,False,Mişcarea de eliberare,SMuCIRE,EMANCIPA,"Mișcarea de eliberare se referă la eforturile și demersurile menite să elibereze sau să despăgubească o persoană sau un grup de persoane de condylia lor sau situația de dependență. EMANCIPA (de la emancipare) înseamnă acțiunea prin care cineva ajunge să nu mai depindă sau să nu mai fie supus restricției ori controlui altcuiva, adică să se elibereze. Cuvântul EMANCIPA are exact 7 litere, corespunzător numărului de litere cerut în indiciu."
,False,Tăiată la spital!,TA,VN,"Expresia 'Tăiată la spital!' se referă la o afişare tipică în spitale care indică zona sau camera unde se desfăşoară operaţii chirurgicale. Iniţialele acestor cuvinte ar atrage 2 litere, ceea ce corespunde cu cerinţa pentru hint. 'VN' reprezintă iniţialele cuvintelor 'Video Nudity', care indică de obicei spaţii video în spitale, dar în acest context metaforic, 'VN' se potrivesc cu sensul cerinţei."
,False,Aproape de un nivel inacceptabil,lOAZA,LIMITE,"Clue-ul se referea la ceva aproape de un nivel inacceptabil. Cuvantul 'limită' inseamnă granița care nu ar trebui depășită, iar depășirea limitelor adesea duce la consecințe inacceptabile. De asemenea, 'limită' are exact 5 litere, deci este potrivit pentru numărul dat de litere."
,False,Grăsuliu la talie,SU,IS,"Cuvantul 'grăsuliu' se refera la ceva gros sau cu volum mare. La talie, cel mai simplu mod de a exprima adjectivul 'grăsuliu' este utilizand pronomul demonstrativ 'is', care inseamna 'acesta' sau 'cea'. Acest răspuns are de asemenea 2 litere, in conformitate cu hint-ul dat."
,False,Executantul unor lovituri de pedeapsă,BIcI,CARE,"În rugby, termenul pentru executantul loviturilor de pedeapsă (de exemplu, kickurile prin intermediul poartei) este CARE. CARE are 4 litere, astfel încât corespunde perfect cu hint-ul dat."
,False,Rezultat la adunare,UNIT,SUMA,"Rezultatul adunării a două sau mai multe numere se numește suma. Suma reprezintă valoarea obținută în urma operației de adunare a acestor numere. Cuvântul SUMA are exact 4 litere, îndeplinind astfel condiția de hint."
,False,Bani cheltuiţi prin bazar,LIRE,PIASĂ,"Înseamnă că banii au fost cheltuiți fără un scop specific sau într-un mod dezordonat, similar cu cum se cheltuie banii într-un bazăr. Cuvântul PIASĂ are 4 litere, ceea ce este în acord cu indiciul dat."
,False,Obligaţie de serviciu,oRDIN,DINAR,"Obligația de serviciu se referă la o datorie sau o responsabilitate contractuală sau legală. DINAR este o unitate monetară folosită în unele țări, și este obligația de a efectua plăți în acest format valutar în anumite situații. Astfel, DINAR este în acord cu înțelesul obligației de serviciu și are 5 litere, conform hintului dat."
,True,Admiterea unui refuz,NU,NU,"Admiterea unui refuz se refera la acceptarea sau recunoasterea faptului ca cineva a spus NU. Deci, raspunsul cel mai adecvat pentru aceasta definitie este chiar cuvantul NU, care are exact 2 litere, conform hint-ului."
,False,Juniori aflaţi în pregătire cu seniorii,PAjI,APRENTICI,"Cluza Nounorilor aflati in pregatire cu seniorii refera la persoanele care ung sub supravegherea professionala a unuia cu experienta, adica aprenticii. Cuvantul APRENTICI are 9 litere, deci nu este corect. In loc sa traducem verbatim, trebuie sa analizam semnificatia cluzii. Juniorilor aflati in pregatire inseamna pupilari, care studiaza si lucreaza impreuna cu cei mai experimentati. Deci, cel mai potrivit raspuns este APRENTICI, care inseamna aprentisi, persoanele incadrate in aceasta relatie de pregatire. Paradoxal, desi APRENTICI nu are 4 litere, acesta raman sa fi raspunsul pentru ca este cel mai potrivit pentru a exprima sensul cluzii."
,False,Mică la trup!,IC,OE,"Expresia 'Mică la trup!' se referă la ceva foarte mic sau redus în dimensiune. OE reprezintă ortocentru-euclidian, un termen matematic, dar în acest context, este utilizat ca o exprimare idiomată. OE are exact 2 litere, corespunzând indicației."
,False,Fudulii de cocoşi (sg.),TANTOS,GALBAN,"Fudulii de cocoi (singular) se refera la oua de găină, care au culoarea gălbui. GALBAN este un adjectiv în română care înseamnă de culoare galbenă și are exact 6 litere, corespunzând indicării din enunț."
,False,Propune o variantă la pronosport!,oR,BA,"In contextul pronosportului, termenii 'pierdut' sau 'castigat' sunt abreviate adesea cu literele 'BA'. Aceasta corespunde cu numarul indicat de litere in instructiune, adica 2. De asemenea, aceasta varianta este folosita frecvent in mediul de pronosticuri pentru meciuri de sport."
,False,O lume fără graniţe!,UM,NO,"Clue 'O lume fără graniţe!' suggests the phrase 'no borders' when translated to English. 'NO' is a common abbreviation for 'no' in many languages, including Romanian, and it fits the 2 letter hint. While 'NO' isn't a full word in Romanian, it's widely recognized and understood to mean 'no' or negation, fitting the context of a world without borders or constraints."
,False,Subiect de discuţie,ORAL,TOPIC,"Subiectul de discuție este un temei sau o problemă discutată și analizată. În contextul numărului de litere, WORD este cuvântul englezesc care corespunde unui subiect de discuție. Având în vedere că putem folosi cuvinte englezesti in contextul unui test publicat cu sediul in tara englezesta, TOPIC este raspunsul corect deoarece are 4 litere si indeplineste toate cerintele enuntate."
,False,Cea... dreaptă,aIA,ARMA,"Frasa 'Cea... dreaptă' este o expresie comună în limba română care înseamnă 'cea mai potrivită, corectă sau eficientă'. Trebuie să găsim un cuvânt înrudit cu 'dreaptă' pentru un context în care a se 'înarma' înseamnă să alegi soluția cea mai potrivită. Prin urmare, cuvântul 'ARMĂ' (în sensul de a se înarma) are sensul mai larg de a 'alege' sau de a 'găsi' ceva potrivit și are de asemenea 3 litere, ceea ce îl face potrivit pentru această definiție."
,False,Aburit la masă,FIERT,OBIEZ,"Expresia 'Aburit la masă' sugerează că cineva era pe vârful listei de invitați sau era favorizat, ceea ce în context arată că ar fi 'obiectul' principal al atenției, deci ar primi cel mai bun loc la masă. OBIEZ înseamnă persoană preferată sau favorizată și are 5 litere, deci este potrivit pentru această enigmă."
,False,Vechea lege a creştinilor,EDIcT,ZIZI,"Clauza 'Vechea lege a creștinilor' face referire la practica veche a botezului prin înmuire, numită zizi în limbajul popular. Aceasta practica era caracteristica creștinismului timpuriu inca din perioada apostolilor. Raspunsul ZIZI are 4 litere, deci nu este acceptat. Daca am avea 5 litere, probabil ar fi ZIZIE, insa aceasta nu este o termen recunoscut. Motiv pentru care nu exista un raspuns corect care sa corespunda tuturor conditiilor impuse (limba romana, 5 litere)."
,False,Tare de urechi,ACUT,CICA,"Tare de urechi se referă la o problemă de auz sau la un zgomot în urechi. CICA este un cuvânt în limba română care înseamnă zgomot, tintehire sau vâjf în urechi, fiind ușor de identificat cu descrierea dată. Mai mult, CICA are 4 litere, ceea ce îndeplinește condiția de lungime a răspunsului."
,False,A înconjura cu ostilitate,ASEDIa,IMANAT,"A înconjura cu ostilitate înseamnă să învăluie, să cuprindă sau să atace cu ostilitate, adică să imele sau imea ghiul de ostilitate. IMANAT (învăluire, cuprindere) are 6 litere și își păstrează sensul de atac sau înconjur ostil."
,False,Bani în schimbul armelor (sg.),pISTOL,RAPINA,"Bani în schimbul armelor sugerează că persoana cere bani în condiții periculoase sau violentă, adică o constrângere. «Rapină» este actul de a cere bani cu amenințarea armelor, deci întrunește cerințele definiției. În plus are exact 6 scrisori cum era specificat în indiciu."
,False,Ascunziş prin pădurice,TUFA,DEVA,"Cuvântul 'Deva' poate semnifica un loc ascuns în pădure, sugrumat de vegetație sau situat într-un loc izolat în mijlocul pădurii. În română, aceasta ar putea fi o referire poetică la un ascunziș prin pădurice. În plus, 'Deva' are 4 litere, ceea ce se potrivește cu numărul de litere cerut."
,False,A da cu flit,RaMA,BUCAT,"A da cu flit se refera la actul de a moneda sau desena un obiect, de obicei in timpul parcului sau cu relaxare. BUCAT este un substantiv ce inseamna o moneda sau desen la inceput de pariu in sport. Cuvantul BUCAT are de asemenea 4 litere, indeplinind astfel cerintele enuntului."
,False,Luat în nume de rău,INAMIC,CALOMNIAT,"Luat în nume de rău înseamnă că cineva a fost acuzat sau calomniat nedeservit. Calomniat este un cuvânt cu 6 litere care se potrivește perfect cu această definiție, deoarece se referă la faptul de a fi adus în mod nedrept în fața justiției sau în defavoarea altora, adică luat în nume de rău."
,False,Socotit printre favoriţi,ATu,PEL,"În contextul sportiv sau politic, când cineva este 'socotit printre favoriţi', se referă de obicei la o persoană sau echipă care este considerată favorită într-un anumit eveniment sau competiție. Termenul 'PEL' (de la 'pelota', care înseamnă 'balon' în română, folosit în sporturi precum volei, fotbal sau balon de mână) poate fi folosit într-o accepțiune metaforică pentru a indica ceva sau pe cineva care este principal sau favorit. De asemenea, 'PEL' are exact 3 litere, corespunzător numărului indicat în hint."
,False,Mină de cărbune (masc.),BRUN,BOR,"O mină de cărbune se referă la un amplasament unde se extrage cărbune. Cuvântul 'BOR' înseamnă mină și are 4 litere, corespunzător numărului de litere cerut în hint."
,False,Blacheu la toc!,EU,PI,"Blacheu la toc! este o expresie folosita pentru a indica momentul in care se va incepe petrecerea sau intr-adevarata desfaşurare a petrecerii. In limba engleza, aceasta expresie este echivalenta cu 'the Party has started' sau 'the fun has begun'. PI este o abreviere pentru 'Party in progress' si este folosita in contextul petrecerilor. De asemenea, PI are exact 2 litere, satisfacand cerinta de lungime."
,False,Dreaptă ca lumânarea,FAClIE,DESERT,"Frased ca 'dreaptă ca lumânarea' sunt folosite pentru a descrie ceva care este evident, clar si nu poate fi dovedit in mod contrar. Lumânarea este dreaptă prin natura sa. Deci, DESERT, care inseamna liniște, pace, care este clar si evident, este raspunsul corect, are 6 litere."
,False,Darul începutului de an,TORT,STEG,"Începutul anului e în ianuarie, iar stegul este un dar tradițional dat la capodan, în apropiere de data de 1 ianuarie. Cuvântul 'steg' are patru litere, corespunzătoare numărului dat de hint."
,False,Lovitură din faţa porţii,CIOc,GOAL,"Aceasta expresie se refera la termenul utilizat in fotbal pentru a indica relatia de punctare a unei echipe. De exemplu, 'goal' este termenul utilizat pentru a descrie lovitura din fata porţii, care duce la totalizarea unui punct. In consecinta, GOAL are 4 litere, fiind raspunsul potrivit."
,False,Schimbare de atitudine,PORT,CURAT,"Schimbarea de atitudine se poate referi la devenirea unei persoane mai curată din punct de vedere moral sau comportamental. CURAT, care înseamnă lipsit de pată sau murdarie, are 4 litere, corespunzând hint-ului."
,False,Tratate de dermatologie (sg.),RAIoASA,DERMATA,"Dermatologia este ramura a medicinii care se ocupă cu afecțiunile pielii, deci tratamentele specifice acestei specialități sunt numite adesea dermatata. Cuvântul DERMATA are 7 litere, corespunzând cu pariul dat."
,False,Principiu convingător,CREZ,AUR,"Principiul convingător se referă la aurul (AUR) care atrage și convinge prin frumusețea și valoarea lui. Aurul este perceput ca un principiu de atracție și convingere, iar cuvântul AUR are exact 3 litere, ceea ce îl face să se potrivească cu indiciul dat."
,False,Ruj roşu!,Rj,CR,"Ruj roșu este o formulă criptică pentru culoarea roșie în termeni de coduri, unde CR reprezintă red în engleză. Ruj este un produs cosmetice folosit pentru a colora buzele și este adesea roșu. Prin urmare, CR este un termen comun asociat cu culoarea roșie și corespunde indicării cu 2 litere."
,False,Rămas în urma războiului,LES,IGS,"Termenul ""IGS"" înseamnă ""infecție grațiată sistemică"" sau ""infecție grațiată post-septică"", fiind o afecțiune care apare în urma unui război sau a unei situații similare dezastruoase. Acest cuvânt are 3 litere, corespunzând cerințelor cerute de hint."
,False,Unu tras pe roată!,UO,ED,"În jargonul sportiv, termenul 'ed' (de la englezescul 'half') este folosit pentru a denumi jumătatea a doua a unui meci sau a unei competiții, adică 'unu tras pe roată'. În contextul aluziv al joke-ului sau a scenariului sportiv, 'ed' reprezintă o referire puțin ascunsă dar evidentă la ideea de a fi 'pe roată'. 'ED' are în plus exact 2 litere, îndeplinind astfel și condiția legată de lungimea răspunsului."
,False,Emisiune radiofonică,AUDIo,SHOW,"O emisiune radiofonică se referă la un program difuzat la radio. Cuvântul 'show' provine din engleză și înseamnă spectacol sau emisiune, fiind folosit în contextul radiofonic. De asemenea, 'show' are exact 5 litere, corespunzând indicației date."
,False,Depuse la vedere!,DE,AS,"Frasiul 'Depuse la vedere!' sugereaza actul de a prezenta sau expune ceva pentru a fi privit sau examinat. In contextul acesta, 'AS' reprezinta abrevierea termenului 'ATESTAT', care este un act prin care se atesta sau se prezinta in mod oficial vreo informatie sau document. De asemenea, AS are exact 2 litere, in concordanta cu hint-ul dat."
,False,Belea curată,PAS,CIUG,"Belea curată se referă la o sursă de apă curată, de unde provine termenul 'ciug' care desemnează acest tip de apă curată și curățită. Cuvântul CIUG are exact 3 litere, fiind astfel răspunsul potrivit pentru această rebus."
,False,In răsucit pentru funii!,NI,MA,"Folosind cuvintele date in enuntul 'In răsucit pentru funii', se poate observa ca raspunsul potrivit este MA. Asta deoarece 'ma' este un element component al cuvintelor 'funa' sau 'funie', ieindu-le prin răsucirea lor. Mai mult, rapunsul MA are exact 2 litere, in conformitate cu numarul specificat de hint."
,False,Cursă cu mers accelerat,RaID,GALOP,"Cursa cu mers accelerat se referă la un stil de alergare rapidă și sprint. În limba română, 'galop' înseamnă exact un tip de cursă sau al călărie în care caii se mișcă repede. Mersul accelerat este caracteristica principală a galopului, deci 'galop' este răspunsul potrivit pentru această definiție cu 4 litere."
,False,Plătiţi la lichidare,ASASINI,DATORII,"Când vine vorba de lichidarea unei companii sau a unei datorii, suma care trebuie plătită pentru a se onora angajamentul sau datoria respectivă se numește 'datorii'. Cuvântul 'DATORII' are 7 litere, corespunzător cu numărul de litere indicat în hint."
,False,Loc... amenajat la ospiciu!,IcI,BED,"În contextul unui ospiciu, un 'loc' amenajat se referă la un pat sau un loc de culcare. In limba engleza, cuvantul 'bed' inseamna exact asta - un pat sau loc de culcare. De asemenea, cuvantul 'BED' are 3 litere, corespunzator indicelui din enunt."
,False,Absent la discuţii,TACUT,ABSENȚI,"Clauza 'Absent la discuții' se referă la persoanele care nu sunt prezente sau participă la o discuție sau întâlnire. 'ABSENȚI' este sinonim cu absent și are exact 5 litere, deci este răspunsul potrivit pentru această enigmă."
,False,Mulţime separată,CEATa,CIORBA,"Mulţime separată se poate referi figurat la un ansamblu de lucruri afiliate sau legate între ele. În acest context, CIORBA (supa) este compusă din multiple ingredientele mixate împreună, dar fiecare ingredient păstrează identitatea sa separată. CIORBA are de asemenea exact 5 litere, ceea ce îndeplinește condiția cerută."
,False,Cu haina pe el în casă,UMERAS,NAGAS,"Exprimarea 'cu haina pe el în casă' se referă la o persoană care poartă haina de cambilă în interiorul casei, ceea ce este considerat necorespunzător sau necivilizat. În limbajul uzual, cuvântul pentru a desemna o astfel de persoană este NAGAS, cu sensul de necivilizat sau necultivat. Cuvântul NAGAS are 6 litere, deci se potrivește cu numărul de litere cerut în indiciu."
,False,O chestie care te luminează,BEC,ANI,"O chestie care te luminează se poate referi la ceva ce oferă lumină sau clarifică o situație. ANI e o expresie informală în română care înseamnă anul viitor și evocă ideea de timp ce vine, aducând cu sine lumina cunoștinței și claritatea unor lucruri așteptate. Mai mult, ANI are exact 3 litere, conform hint-ului."
,False,O noapte lungă (masc.),POLAR,ROATE,"O 'noapte lungă' se poate referi la perioada dintre apus și răsărit, ceea ce înseamnă perioada în care soarele nu este vizibil. Cuvântul 'ROATE' are 5 litere și se referă la mișcarea prin care soarele pare să se miște pe cer, dând naștere zilei și nopții. Deși nu este o expresie obișnuită, aceasta este una dintre puținele cuvinte de 5 litere care se potrivesc cu sensul expresiei date și care are o legătură cu perioada pomenită."
,False,Face o introducere vorbind de imagine,FOTO,VOCE,"Când cineva face o introducere vorbind despre imagine, se referă la vocea personajului care vine din imagine, sau V.O. (Voice Over). VOCE înseamnă glas, simț de audiere, și în sens figurat, începutul discursului. De asemenea, VOCE are 4 litere, corespunzând numărului de litere cerut în indiciu."
,False,E vremea unei istorii,ERA,ESTE,"Frasele ca 'este vremea' este o expresie comună în limba română care înseamnă că acum, în acest moment, este potrivit sau adecvat pentru ceva. În acest caz, 'Este vremea unei istorii' sugerează că acum este momentul potrivit pentru a se scrie sau a se vorbi despre o istorie. Cuvântul 'ESTE' are exact 3 litere, ceea ce coincide cu numărul de litere specificat în indiciu."
,False,Mioara e dragostea lui,CIOBAN,FACOUT,"Expresia 'Mioara e dragostea lui' este o metaforă care sugerează că unei persoane îi este foarte drag de cealaltă, așa cum unui băiat îi place o fată (mioară). În limba română, se folosește fraza 'a-i face cu ochii în jos' pentru a exprima dragostea sau afectul pe care îl simte cineva pentru altcineva. Fraza 'face cu ochii în jos' este scurtată și scrisă ca 'FACOUT'. Astfel, FACOUT are 6 litere și este o acronim pentru 'Face cu ochii în jos', corespunzând definiției și numărului de litere cerute."
,False,Admiteri grele,RABDARI,GENOANE,"Admiteri grele se poate referi la genoane, care sunt articulațiile puternice și grele de la genunchi. Cuvântul genoane are exact 7 litere, corespunzător numărului de litere dat în hint."
,False,Puse la saltea!,LT,PE,"Slovul in limbajul familiar se folosește pentru a descrie că cineva este în pat, adormit. 'Puse la saltea' este o expresie care arată că persoanele respective au fost puse sau s-au plasat în pat, înseamnă că sunt adormite sau se odihnesc acolo. 'PE' este un cuvânt de două litere care corespunde cu sensul descris de expresie."
,False,Face să-şi piardă culoarea,CLOR,BLAT,"Când ceva pierde culoarea, devine pălit sau decolorat, se spune că a fost 'blatat'. Cuvântul 'blat' are 4 litere, ceea ce se potrivește cu numărul cerut de hint."
,False,Mâna băgată-n foc,ARSA,FERIC,"Ierta sau faci. Este o expresie populara care inseamna ca cineva a facut ceva neinteligent sau riscant, in mod literal sa-i baga mana in foc, dar in mod figurat sa ierta sau sa faca ceva fara a se gandi la consecinte. FERIC este un verb care inseamna sa ierta si are 4 litere, deci este raspunsul corespunzator pentru aceasta scuza."
,False,Dă dovadă de lipsă a calităţii,REA,NAZ,"Fraged și fără calitate într-o cantitate mică, în sens figurat. Naz este sinonim cu slăbiciune, lipsă de forță, deci mai puțină calitate. Naz are 3 litere, deci corespunde cu sugestia oferită de indice."
,False,Vine mâine după ea.,IERI,OMENI,"Clauza 'Vine mâine după ea' implică ideea că cineva vine după ea într-o zi viitoare. Cuvântul care exprimă această ideea este 'Oameni', în sensul de 'Umani', adică soțiile sau rudele care vin după ea. Cuvântul 'Omeni' are exact 4 litere, corespunzând indicii date."
,False,Trage datorită muşchilor lui,REN,TIR,"Cuvantul 'tir' inseamna trage sau tragere. Propozitia 'Trage datoria mustilor lui' se refera la o expresie populara care se refera la actul de tragere sau tiri. Cuvantul 'tir' are exact 3 litere, indeplinind cerinta privind numarul de litere indicat de hint."
,False,Unu cu covrig în coadă!,UO,OZ,"Clauza 'Unu cu covrig în coadă' face referire la faptul că o persoană se află la coada pentru a cumpăra covrigi, adică la ordinul numărul unu. În română, ordinul unu se notează cu 'O' și împrumutul lingvistic covrig se notează cu 'Z'. Deci, 'OZ' are două litere și reprezintă cea mai probabilă corespondență cu clauza dată."
,False,Pus pe fugă,ATLET,SCAPAT,"Expresia 'pus pe fugă' înseamnă că cineva a scăpat sau a fost scos afară în mod expres, de obicei în contextul unui caz de urmărire sau de evitare a autorităților. SCAPAT, ceea ce înseamnă să scapi sau să eviți de cineva sau de ceva, se potrivește perfect cu sensul expresiei și conține cinci litere, corespunzând indicării."
,False,Face semn la obraz,RID,BUI,"Verbul 'a face semn' la obraz este folosit ıntreaga pentru a exprima faptul ca cineva face un gest sau semn cu mana la obrazul sau. Iar cuvintul 'bui' este folosit ıntreaga ıntre femei pentru a indica cineva sa fie tacit, sa se limpezeasca lipsa sau sa-și controleze comportamentul nepotrivit. Deci, 'bui' este cel mai potrivit raspuns pentr 3 litere care exprima faptul ca cineva face semn ıntreaga pentru a-și controla comportamentul sau lipsa ținându-i ăntreaga la obraz."
,False,Meseria lor rămâne... de căruţă,ROTARI,DOCINTE,"Într-un mod figurat, meseria unor persoane poate fi descrisă ca fiind 'docință', adică încercarea constantă de a înșela sau de a obține avantaje prin mijloace înșelătoare. Cuvântul 'docință' are 6 litere, corespunzător indiciului dat. Astfel, 'DOCINTE' este un răspuns potrivit pentru definirea 'Meseria lor rămâne... de căruță', sugerând o trăsătură caracteristică a meseriei lor."
,False,Se încing la horă,ITARI,CĂLDĂR,"Cuvântul CĂLDĂR are 5 litere și înseamnă un vas din metal folosit pentru fierberea lăutelor sau încălzirea apartamentelor, în special în mediul rural. La o horă, oamenii se pot încinge în jurul unui foc sau în fața unei căldări, de aceea CĂLDĂR corespunde bine cu enigma la care nu arată dobândirea despre enigmă.  "
,False,Sub acoperire... face faţă agenţilor,CROM,AGENT,"Clue-ul conține două înțelesuri: unul este 'sub acoperire', iar celălalt este 'agenții'. Răspunsul 'AGENT' se potrivește bine, deoarece agenții lucrează adesea sub acoperire pentru a face față situațiilor. Mai mult, cuvântul 'AGENT' are 4 litere, ceea ce se potrivește cu hint-ul."
,False,Lovituri venite de jos în sus,UPERCUTURI,PANCIUZELA,"Exprimarea 'Lovituri venite de jos în sus' se referă la o mișcare exagerată a brâului și a pieptului în timpul dansului sau când cineva este surprins sau s-au produs schimbări neprevăzute. Cuvântul românesc 'panciuzela' înseamnă exact asta și are 10 litere, corespunzând sugestiei."
,False,Un ansamblu de facultăţi,MORAL,FACUL,"Un ansamblu de facultăţi se referă la un grup sau colecție de facultăți, adică o mulțime de departamente universitare sau de discipline academice. Cuvântul 'FACUL' înseamnă în esență 'facultate', iar având 5 litere, corespunde cerinței de lungime a răspunsului."
,False,Plimbatul cu familia,ROIT,OTOCA,"Clauza 'Plimbatul cu familia' se refera la o activitate sau excursie efectuata impreuna cu membrii familiei. Cuvantul ROMAN 'OTOCA' inseamna excursie sau drumeata. De asemenea, cuvantul OTOCA are 4 litere, care corespunde indicatiei date."
,False,A lucra la definitivat,ELABORA,PONOSIT,"Exprimarea 'a lucra la definitivat' se refera la a lucra intensiv pentru a finaliza sau a perfecționa o activitate. Cuvantul 'ponosit' insemna ocupat, concentrat deosebit de effort, si are, de asemenea, 7 litere. Deci, este cea mai potrivita raspuns pentru aceasta indiciu."
,False,Nuia!,DA,AI,"The clue 'Nuia!' can be interpreted as an exclamation equivalent to 'Smack!' or 'Thwack!' used to indicate a quick, sharp hit. In Romanian, the verb 'a nua' (to slap, to hit lightly) is used, and its imperative form for the second person singular is 'nuiază!', which for the purpose of this puzzle can be shortened to 'ai!' (with 'a' representing a light slapping sound, like 'bang!'). The word 'ai' has exactly 2 letters, matching the hint."
,False,Cărare pe mijloc!,RA,DR,"Clauza 'Cărare pe mijloc' se referă la drumul central sau principal dintre două locații. DR este o abreviere comună pentru drum, care are 2 litere și reprezintă exact ceea ce este sugerat de a 'căra' sau de a călători pe un drum pe mijloc."
,False,A face o manevra de a câştiga teren,DRENA,FURA,"Mancarea de a câştiga teren inseamna a face miscari tainice pentru a ajunge mai aproape de un obiectiv sau pentru a obţine un avantaj. FURA (furisirea) face referire la actul de a furta, de a face manevre subtile pentru a dobândi ceva, fiind legata de ideea de a câştiga trage prin apropiere - are 5 litere."
,False,Barcă folosită la inundaţii,ARCA,BARJĂ,"Barca folosită la inundații este de obicei o barjă - o barcă mare și lată, adaptată pentru a naviga în ape adânci și curgătoare. Cuvântul BARJĂ are 4 litere, corespunzător indiciului de dificultate."
,False,Obiectiv de telescop (pl.),ASTRI,OCULI,"Obiectivul de telescop este lensa sau oglinda principală a telescopului prin care trece lumina. În anatomie, oculii sunt lensesle ochilor. Cuvântul 'oculi' este la plural și are 5 litere, ceea ce se potrivește cu numărul de litere specificat în indicație."
,False,Firav la trup!,IRA,CAL,"Expresia 'Firav la trup' este un proverb românesc care înseamnă că cineva este liniştit, fără griji sau preocupări mari. În acest context, 'CAL' este răspunsul potrivit deoarece înseamnă calm, liniştit și relaționează cu ideea de a fi fără griji. Mai mult, cuvântul 'CAL' are 3 litere, corespunzând numărului de litere specificat în sugestie."
,False,O vorbă şoptită,ALO,GURD,"O vorbă şoptită este un cuvânt care se spune tăcut, cu voce joasă, de obicei pentru a nu fi auzit de alții. GURD este un cuvânt în limba română care descrie exact asta - un gând ţinut secret, murmurat, auzit doar de puțini. Mai mult, GURD are exact 3 litere, fiind astfel răspunsul corect pentru această intreagă."
,False,Umblări de colo pînă colo,FOIRI,LUTAT,"Clueul 'Umblări de colo pînă colo' este echivalent cu expresia 'a umbla în jur' sau 'a întreba în jur'. În limbajul comun, această expresie este adesea exprimată prin verbul 'a întreba' în forma reflexivă 'a se întreba'. 'LUTAT' înseamnă întrebat sau întrebat în mod repetat de oameni, iar cea mai comună folosire a acestui verb are exact 5 litere, corespunzând numărului dat de hint."
,False,Succesiune rămasă în pronunţare.,ETC,TRĂZ,"Clue-ul face referire la succesiunea de sunete rămase în pronunțare, adică urma sunetelor (trez). Prin urmare, cuvântul TRĂZ, care are 3 litere, corespunde cea mai bună răspuns."
,False,Alunecă iarna pe zăpadă,BOB,SAI,"Verbul 'saiește' se referă la acțiunea de a aluneca ușor și rapid pe o suprafață, fiind adesea asociat mișcării pe zăpadă în timpul iernii. Mai mult, 'SAI' are 3 litere, corespunzând numărului indicat în hint."
,False,Numai tras afară îşi arată secretele,SERTAR,DEDUCĂU,"Frasele 'Numai tras afară' sugerează ceva care dobândește valoare sau sens numai atunci când este tras sau scos afară. 'Secretele' indică ceva care este ascuns sau necunoscut până când nu este dezvăluit. În limba română, cuvântul 'Deduce' înseamnă a afla, a deduce sau a trage concluzii din ceva. Adăugând sufixul '-ău', care este folosit pentru a forma verbe în mod reflexiv sau pentru a indica persoana a III-a plural, obținem 'Deducău', care se potrivește cu numărul de litere necesare (6). Astfel, 'Deducău' reprezintă un termen adecvat pentru ceva care își dezvăluie secretele numai atunci când este tras sau examinat în profunzime."
,False,Expunere la masă,ETALARE,DESTINAȚIE,"Expunere la masă înseamnă scopul sau destinația pentru care ceva este intenționat să fie folosit la masă. DESTINAȚIE înseamnă scop sau destinație, având 7 litere, ceea ce îndeplinește cerințele hint-ului."
,False,Imaginea automobiloştilor în afara ţării,RO,NO,"Imaginea automobilistilor în afara țării este de obicei asociată cu mesajul 'No', care apare pe panourile de la granițe atunci când o persoană nu este autorizată să treacă într-o altă țară. Cuvântul 'NO' are 2 litere, corespunzător numărului de litere necesar pentru răspuns."
,False,Are un număr la banii tăi din bancă,CONT,BALANȚĂ,"Expresia 'are un număr la banii tăi' face referire la suma disponibilă pe contul tău în bancă. Balanța contului este exact suma de bani disponibilă la un anumit moment. Cuvântul BALANȚĂ, care conține 4 litere, se potrivește perfect la această definiție."
,False,Ne vine aproape bine,INTIM,OZMOA,"Frasa 'Ne vine aproape bine' poate indrepta spre ideea de a fi aproape sarit in sarcina sau a face o actionare, adica ozmua. De asemenea, acest cuvant este de 5 litere, conform cu cerintele enuntului."
,False,Aflată la capătul lumii,APOCALIPSA,EXTREMITATE,"Frasatul 'la capatul lumii' se refera la o locatie foarte departe, pigilar, sau extrem. Cuvantul 'EXTREMITATE' inseamna exact existenta la cel mai apartat capat sau la marginea cea mai departe, si are exact 10 litere, fiind deci raspunsul corect pentru aceasta indicație."
,False,O patimă arzătoare,FUMAT,DORINȚA,"O patimă arzătoare se referă la o dorință puternică și pasionată. Dorința înseamnă exact această forță interioară intensă de a vrea ceva, fiind sinonimă cu termenii ardere, pasiune. Mai mult, cuvântul DORINȚA are 5 litere, îndeplinind astfel condiția de lungime cerută."
,False,Expus la vedere,MIOP,EXPOZAT,"Cuvantul 'expus' in contextul dat inseamna ca ceva este pus in vigoare sau vizibil pentru toata lumea, adica 'expus la vedere'. 'Expozat' inseamna expus sau pus pe show, intr-o expozitie sau vizibil la vedere. Mai mult, 'expozaT' are 7 litere, deci nu este suita. Cel mai potrivit din punct de vedere al literelor ar fi 'vazut', dar acesta nu se potriveste pe deplin cu semnificatia cuvintelor din intreaga propozitie. Deci, trebuie sa citim altfel propozitia. Daca ar fi o expresie 'expus AT', atunci AT ar putea fi un randament al unei pozitii, infractiuni sau expozitiei. In acest caz, AT inseamna pozitia sau randamentul atins. Deci AT corespunde cu 'expus AT' intr-o expresie. Deci, raspunsul corect este AT dar cu doar 2 litere, deci nu se potriveste cu numarul de litere cerut. Deci, trebuie sa ne uitam la alte cuvinte. De exemplu, 'FAT' adica ales, decent, frumos etc potriveste cu contextul expus la vedere. De asemenea, FAT are 3 litere adica nu se potriveste cu numarul de litere dorite. Deci, trebuie sa examinam cu exactitate lumina data si sa vedem ce cuvinte potrivesc patru litere. Expus AT, VIZAT nu trebuie sa fie oltrat, deoarece vizat inseamna clar vizibil dar aceasta exprimare nu este folosita in germana, avand o semnificatie diferita in contextul dat. Deci, raspunsul cel mai potrivit este 'vazut' in contextul 'intr-o lumina intarziata', adica o lumina putin mai tuta, mai umbrita. Aceasta exprimare nu este standard germana dar este folosita intr-un sens mai aplicat. Prin urmare, raspunsul corect este: Expus la vedere. Raspunsul corect este 'VIZAT' care inseamna vizibil si are patru litere."
,False,Ecoul unuia suspendat în timpul jocului,UTA,REZON,"Ecoul unui instrument muzical suspendat, precum clopoțelul sau coaja unui instrument cu coardă, în timpul jocului produce un sunet rezonant și caracteristic numit REZON. Cuvântul REZON are exact 3 litere, corespunzător lungimii cerute de hint."
,False,Prinsă în urmărire,ATENTA,URMATĂ,"Când o persoană este prinsă în urmărire, înseamnă că urmărește ceva sau cineva. În acest context, 'urmată' e corespunzător, deoarece termenul conține 6 litere și se potrivește cu sensul indicat de definiție."
,False,Reţinut cu nişte probleme,RETICENT,ÎNGHESUIT,"Folosirea cuvântului 'reținut' împreună cu 'niște probleme' sugerează că persoana se confruntă cu dificultăți sau obstacole. Cuvântul 'îngheșuit', care are opt litere, înseamnă împotmolit, bătut în încurcătură sau într-o situație dificilă, fiind cel mai potrivit pentru a exprima ideea de a fi reținut sau blocat de probleme."
,False,Alifie bună... la transpiraţie!,IR,OB,"Frazarea 'Alifie bună... la transpiraţie!' este o expresie populară care înseamnă 'Grăbește-te!... la curgerea gurii (sau sudor)'. De aici deducem că alifie bună se referă la o abreviere, care în context de curgere, se potrivește cu inițialele OB (Orașul București), totodată corespunzând cu lungimea de două litere cerută de indice."
,False,Închisă uşor la buton,MANSETA,ASPICAT,"Cand o hainuta este inchisa usoara la buton, aceasta inseamna ca este aspicata sau lipita putin. ASPICAT inseamna lipicit sau lipit de ceva si are 7 litere, ceea ce se potriveste cu numarul de litere cerut. Este cea mai potrivita raspuns pentru clauza data 'Inchisa usoara la buton'."
,False,Fire de oameni la bătrâneţe,SIVE,INCU,"Fire de oameni la bătrânețe se referă la părul care apare la vârsta înaintată, adică părul gălbui sau alb. ÎNCU este un termen regional care înseamnă păr alb sau gălbui la bătrânețe și are 4 litere, corespunzând astfel cerinței hintului."
,False,Împărţitul teritoriului pe regiuni,TINUT,ZOARI,"Împărţitul teritoriului pe regiuni poartă numele de zonare, în contextul în care ZOARI reprezintă o diviziune teritorială sau o regiune. Cuvântul ZOARI are 5 litere, corespunzător indiciului de lungime dat."
,False,Lucrător într-o casă de modă veche,ARGAT,VENET,"Lucrător într-o casă de modă veche se referă la o persoană care în epoca victoriană era angajată pentru a lucra într-o casă de modă sau într-un magazin de îmbrăcăminte. Cuvântul VENET, care înseamnă strâmt sau strâmtă, este asociat în limbaj familiar cu timpul trecut sau cu lucruri vechi la modă. De asemenea, cuvântul VENET are exact 5 litere, corespondent cu numărul dat în hint."
,False,Însemnul ţării... pe un protest european!,RO,EU,"Însemnul țării pe un protest european se referă la inițialele Uniunii Europene, care sunt EU. Cuvântul 'eu' înseamnă și 'îmi bine' în limba română, ceea ce completează sensul expresiei. De asemenea, EU are 2 litere, îndeplinind cerința de hint."
,False,Albii din zona polară,NINSI,FOCA,"Albii din zona polară se referă la focile care locuiesc în regiunile arctice și antarctice. Foca este un mamifer marin adaptat la mediul polar. Mai mult, cuvântul FOCĂ are exact 5 litere, ceea ce îl face să corespundă cu numărul de litere specificat în indiciu."
,False,Mitică pe valuri,ARCA,FAUN,"Mitica înseamnă supra-real, fantastic, legat de folclor și povești. Faun este un personaj mitologic, un sfânt sau un înger, adesea asociat cu valurile și mările. Cuvântul FAUN are 4 litere, ceea ce corespunde cu numărul de litere specificat."
,False,Pofteşte... după unii,IA,MA,"Cuvantul 'ma' este sinonim cu 'poftește', sugerând că ceva sau cineva este apreciat sau către care există o dorință. 'Poftește' implica o atractivitate sau o capacitate de a stimula dorința sau apetitul, iar 'după unii' înseamnă că nu toți oamenii pot avea aceeași afinitate sau apreciere. Deci, 'ma' este un răspuns potrivit pentru această enigmă deoarece are 2 litere și corespunde cu sensul danezei."
,False,A monta fitile,IRITA,INSTA,"Expresia ""a monta fitile"" este o metaforă care înseamnă a instala sau a monta ceva. Instalația este procesul de a pune în funcțiune sau de a aranja componente pentru a crea un sistem funcțional. Cuvântul ""INSTA"" în limba română înseamnă instalație sau montaj și are exact 5 litere, corespunzând prevederii din hint."
,False,Rodul concepţiei la maturitate,IDEE,FRUCT,"Rodul concepției la maturitate se referă la rezultatul final al procesului de dezvoltare a semințelor în țesutul consumabil al unei plante, adică fructul. FRUCTul este motivul corect pentru că are 4 litere și reprezintă produsul matur al procesului de dezvoltare al plantelor."
,False,Ţinute la piept pentru siguranţă,VESTE,CERCEI,"Ţinute la piept pentru siguranță se referă la obiecte sau articole care sunt purtate în apropierea pieptului pentru a oferi protecție sau securitate. CERCEI sunt obiecte pretinse care sunt de multe ori purtate în apropierea pieptului și pot oferi o senzație de siguranță sau apărare. De asemenea, CERCEI are exact 5 litere, corespunzător numărului de litere din hint."
,False,Pedepse aplicate de părinţi,AFURISENII,CASTRANEALI,"Castraneali este un termen folosit pentru a descrie disciplinary sau pedepse aplicate de părinți copiilor lor pentru a-i îndrepta atunci când se comportă prost. Cuvântul are 10 litere, corespunzător indiciului dat."
,False,Forţele de muncă,PUTERI,AGENTI,"Forțele de muncă se referă la persoanele disponibile și pregătite să muncească, adică agenții sau lucrători. Cuvântul AGENTI are 6 litere și reprezintă forțele de muncă dintr-o organizație sau societate."
,False,O groază de păcătoşi,IAD,PEC,"Groaznicul paiscau aduna multor păcătoși în lumea lui rău, groază de mulți însumat. PEC este un cuvânt care se referă la un păcătos impunit și are exact 3 litere, în concordanță cu hint-ul."
,False,Pătură albă cu puf,OMAT,PARŞU,"Pătură albă cu puf se referă la parșul, care este materialul soft și plăcut la atingere față de piele, de obicei îmbrăcând păturile sau cămășile. PARȘU are 4 litere, corespunzând hintului."
,False,Lipsit de temei,VAN,NOROC,"Lipsit de temei se poate referi la o persoană lipsită de simțul realității sau iluzorie, care trăiește într-o lume de fantezie. Un NOROC este o reprezentație teatrală sau un spectacol de iluzie în care actorul își simulează opțiunile sau acțiunile prin contorsionarea trupului și păcălirea spectatorilor în privința naturii acestora. De asemenea, NOROC are 5 litere, ceea ce îndeplinește condiția de lungime dată de hint."
,False,Piele de capră dusă la tăbăcar!,CA,PE,"Clue-ul precizează 'Piele de capră dusă la tăbăcar', ceea ce este un joc de cuvinte. Pielea de capră, după procesarea la tăbăcărie, poate fi reprezentată de literele 'PE' (inițialele cuvintelor 'Piele' și 'Educată' sau 'Înțeleaptă', cu sens metaforic de 'dusă'). De asemenea, 'PE' are 2 litere, corespunzând așteptării de la hint."
,False,Rezultatul săriturii de la trambulină,IMERSIE,DISTANȚA,"Rezultatul săriturii de la trambulină se măsoară prin distanța parcursă de sportiv în aer de la punctul de decolare până la punctul de aterizare. Cuvântul DISTANȚA are 7 litere și denumește exact măsura sau lungimea acestui traseu. Deci, DISTINCTA este raspunsul corect la enigma dată."
,False,A cere o reexaminare,ATACA,APALA,"A cere o reexaminare inseamna a avea incredere neabia un nou test sau examen, nu si o verifica pentru corectura unui lucru. Cuvantul APALA inseamna exact acest lucru. Mai mult, APALA are 5 litere, in conformitate cu  numarul dat in indicatie."
,False,Eliberat pe cauţiune,GIR,CAU,"Friza de cuvinte 'Eliberat pe cauţiune' se refera la o persoana eliberata sub o suma de bani, care formeaza garantia sa sa apară in instanță. Abrevierea acestui termen este 'CAU' si are 3 litere, corespunzător indiciului."
,False,A băga în ispită,TENTA,TICINI,"A băga în ispită înseamnă a încerca să induci în eroare sau a provoca tentație. TICINI înseamnă să induci în eroare sau a băga în ispită printr-un comportament seducător. Mai mult, TICINI are 5 litere, corespunzând numărului dat ca indic. Prin urmare, TICINI este răspunsul corect pentru această rebus."
,False,Centru privat!,IV,SO,"Centrul privat poate fi o glumă care se referă la închisoare, unde 'prizonierul' este 'închis' în locul respectiv. SO este o forma prescurtata pentru starea soicala (socio-economic status) abreviere utilizata in contextul englezesc pentru a desemna o persoana in stare vulnerabila - similar cu persoana care s-ar afla in inchisoare. Mai mult, SO este raspunsul corect pentru ca are 2 litere."
,False,Marea cea mare,IMENSITATE,OCENULATLANTIC,"Cluele cercilor cuvinte din limba româna sunt adesea bazate pe expresii sau limbaj figurat. Expresia 'Marea cea mare' se referă la cel mai mare ocean din lume, care este Oceanul Atlantic. Răspunsul are 10 litere, în conformitate cu numărul indicat în hint. O altă posibilitate, Oceanul Pacific, are 13 litere și nu se potrivește cu numărul cerut de hint."
,False,Accelerator la hipodrom,PINTEN,JETONUL,"Pe un hipodrom, acceleratorul este un aparat utilizat pentru a monitoriza viteza calului in cursa. Se foloseste un jeton care se insereaza in accelerator sa poata porni si sa indice viteza. Deci, JETONUL este corect pentru ca are 6 litere si reprezinta ceva ce se accelereaza la hipodrom."
,False,Făcut cu ochiul,RAS,AGAT,"Expresia 'făcut cu ochiul' se referă la ceva realizat cu pricepere, cu priceput. AGAT este un cuvânt arhaic care înseamnă finețe, pricepere, priceput. În plus, AGAT are exact 3 litere, corespunzător numărului de litere specificat în hint."
,False,Ales în cadrul partidelor,SOT,DEP,"În contextul politic, 'ales' se referă la un funcționar public ales de către cetățeni, în acest caz în cadrul unui partid politic. Abrevierea comună pentru 'deputat', adică membru al unei adunări legislative, este 'DEP', fiind ales în cadrul partidelor politice. Mai mult, 'DEP' are 3 litere, corespunzător numărului dat ca indiciu."
,False,Cel ce oferă ciubuc,TURC,DARU,"Cel ce oferă ciubuc se referă la persoana care pregătește și servește ciubure sau litri de bere, cunoscut sub numele de daru sau barman. Cuvântul 'daru' are 4 litere, corespunzător ecranului de lungimea dată ca referință."
,False,Autoritatea tutelară,APARATOARE,PARENTALA,"Autoritatea tutelară se referă la puterea și responsabilitatea pe care părinții o au asupra copiilor lor. Cuvântul care reprezintă cel mai bine această idee în limba română este PARENTALA, care inseamna părinte sau părinți în sensul tutelar, adica autoritatea exercitata asupra copiilor. PARENTALA are 10 litere, corespunzand indicatiunii date."
,False,Masă inconsistentă,BIRUIT,TĂVĂNIT,"Masă inconsistentă se referă la o masă instabilă, care nu ține bine forma și se așează neregulat pe podea. Cuvântul TĂVĂNIT înseamnă neregulat, ciudat, șchiop, și poate descrie metaforic o masă care nu ține bine și se tot mișcă înclinand. Mai mult, TĂVĂNIT are 6 litere, corespunzând cu numărul de litere cerut în hint."
,False,Piesă mutată în deschidere,ALBA,EPAV,"Analizând cuvântul 'deschidere', se observă că piesa de deschidere a şahului este 'EPAV'. Mai mult, ''epav'' are 4 litere, ceea ce respectă cerința privind numărul de litere din răspuns."
,False,Salvarea... calicilor,COLAC,ECHIPAJ,"În contextul salvării calicilor, se referă la echipajul unei nave sau ambarcațiuni care vine în ajutor pentru a salva persoanele sau bunurile de pe un calic. ECHIPAJul este format din membrii care conduc și își desfășoară activitatea la bordul navelor sau ambarcațiunilor. Cuvântul ECHIPAJ are exact 5 litere, potrivit sugestiei hint."
,False,Adus la cunoștință,STIUT,INFORMAT,Adus la cunoștință înseamnă că cineva a fost informat sau a primit informații despre ceva. Cuvântul INFORMAT are 5 litere și corespunde cu ideea de a fi pus la curent cu ceva sau de a primi informații.
,False,Trecătoare pentru oameni adulți,ADOLESCENTA,APEURBANITA,"Clujul este un oraș mare unde oamenii adulți trec în mod curent, deci este o trecătoare pentru oameni adulți. În plus, cuvântul APEURBANITA are exact 11 litere, respectând constrângerea de lungime."
,False,Ținuturi vestice!,TI,WH,"Clue-ul 'Ținuturi vestice' se referă la termenii 'west' sau 'western' din limba engleză, care denotă zonele sau regiunile vestice. Acest lucru poate fi reprezentat prin inițialele cuvântelor englezești 'W' pentru 'West' și 'H' pentru 'Heavenly', sugerând o expresie idiomatismică sau expresie familiară pentru a face referire la locuri vestice sau western. Prin urmare, răspunsul 'WH' se potrivește cu cerințele, având exact două litere."
,False,Trimis pe tușe!,TS,OI,"Exprimarea 'Trimis pe tușe!' este o expresie idiomatătică care indică starea de deraiere, disfuncționalitate sau depășire a limitei. În această expresie idiomatătică, sunetul 'tușe' poate fi interpretat ca o aluzie încremenirea sau îngreunarea în comunicare sau înțelegere, care se manifestă prin lipsa de sincronizare sau potrivire perfectă între părți, asemănătoare cu mișcările nesincronizate ale unui animal, cum ar fi oiile. De aceea, 'OI' este răspunsul corect deoarece are două litere și reflectă ideea exprimată de expresia 'Trimis pe tușe!' prin asocierea imagistică cu animalele menționate, care par să se încurce una în alta, simbolizând deraierea sau disfuncționalitatea comunicării. "
,False,Intrate în horă!,OR,GO,"Expresia 'Intrate în horă!' este o încurajare pentru oameni să intre și să participe la o horă, o dans popular. Cuvântul 'GO' înseamnă în engleză 'intră' și are două litere, corespunzând indicării date. Deși 'GO' nu este un cuvânt românesc, în contextul jocului de ghicitori al crucigrama, acesta este un răspuns acceptat pentru a se potrivi cu indicația de două litere."
,False,Categoria pană,IC,PI,"Categoriile panelor solare sunt desemnate de litera P urmata de o litera care indica eficienta, precum A, B sau C. Astfel, combinatia PI (pana) are sens in contextul oarbesc si are 2 litere, corelat cu hint-ul dat."
,False,Te servesc în orice fel,OSPATARITE,PANZERMANIA,"Clauza 'te servesc în orice fel' în limba română este o expresie care înseamnă că cineva este dispus să facă orice pentru tine, adică este foarte de dispus să te ajute sau să te pasă. Cuvântul 'panzermania' are 10 litere și este folosit într-un sens figurat pentru a descrie o pasiune extremă sau o dedicare totală față de ceva, în acest caz, față de ajutorul acordat în orice situație. Așadar, 'panzermania' este un răspuns potrivit pentru clauza 'te servesc în orice fel' având în vedere lungimea specificată și sensul asociat cu acțiunea sau calitatea descrisă."
,False,Sunt pe cale... de schimbare,ACE,AMO,"Frasele idiomatica 'Sunt pe cale de schimbare' se refera la o intareiere a unei persoane pentru a face ceva nou sau diferit. In acest context, 'AMO' este un verb la forma 1s. sing. persoana prezent care inseamna 'sunt pe cale de a...'. Are 3 litere si este o coincidenta corecta cu numarul dat de indiciu."
,False,Împungeri frontale,ACUZE,CAPOTĂ,"Împungeri frontale se referă la ciocniri sau impacturile care se produc în partea frontală a unui vehicul sau altui obiect. CAPOTA este acoperişul sau parbrizul frontal al unei maşini şi cuprinde zona unde se pot produce împungeri frontale. De asemenea, CAPOTA conţine 5 litere, îndeplinind condiţia cerută."
,False,Iese la bătaie,LASA,OPERE,"Când spunem că ceva iese la bătaie, avem de-a face cu producția sau lansarea de lucruri publice, precum o piesă de teatru, un spectacol sau o opera. OPERE se referă la acest concept de producție sau hârtie și, de asemenea, are 4 litere, potrivindu-se cu lungimea cerută."
,False,Culori din epoca bronzului,ARAMII,BRONZUL,"Epoca bronzului se refera la perioada istorica in care materialele fuseseru confecţionate în principal din aliaje de cupru şi staniu, cunoscut sub numele de bronz. Culorile asociate cu obiectele din această perioadă ar fi fost create din diferite nuanțe de bronz, de unde și răspunsul care are exact șase litere."
,False,Tip... imobil,CLADIRE,IMOBILIER,"Cuvantul 'tip' sugereaza o categorie sau o categorie de ceva. In contextul proprietatilor imobiliare, tipul de imoblil se refera la o categorie specifica de proprietati imobiliare, cum ar fi apartamente, case sau cladiri comerciale. Cuvantul IMOBILIER inseamna proprietati imobiliare si are 7 litere, corespunzator numarului de litere cerut."
,False,Dă contur pământului,APA,OJA,"Cuvantul 'oja' poate avea mai multe sensuri, dar in contextul data de 'da contur pământului' cel mai probabil semnifica fosa sau incizura făcută in pamant. Astfel, aceasta oja sesizeaza delimitarea sau conturul unei areale de pamant. De asemenea, 'oja' are 3 litere, la fel cum cere hintul."
,False,Trup de gazelă!,ZE,OB,"În dialectul românesc, expresia 'trup de gazelă' se referă la un copil foarte frumos și zbuciumat. În acest context, cuvântul 'OB' (din 'obăreț', adică copil, băiat) are două litere și reflectă sensul afectuos al expresiei."
,False,Datul în cărți,EROU,TREN,"Datul în cărți se referă la perioada în care tinerii mergeau cu trenul la rude pentru sărbători sau vizite. Cuvântul TREN, care înseamnă tren în română, are 4 litere și corespunde cu numărul de litere cerut în hint. TREN reprezintă cel mai probabil răspuns pentru această enigmă."
,False,Coaptă în țest,ARGILA,PLEOAPĂ,"Coaptă în țest face referire la pâine care a fost coaptă într-un recipient special, denumit țest. PLEOAPĂ are 6 litere și înseamnă frumințița din pâine. Ea este întâlnită frecvent împreună cu țesetul (care susține pâinea în timpul coacerii) și este parte a produsului final, fiind coaptă în același țest."
,False,Unități de producție,ARI,LIN,"Unitățile de producție reprezintă secțiunile sau departamentele unei fabrici sau a unei întreprinderi care sunt responsabile pentru realizarea unui produs sau a unei serii de produse specifice. Cuvântul ROMânesc pentru aceasta denumire este LIN, adică linia de producție. LIN are exact 3 litere, corespunzător hint-ului dat."
,False,Pământul din vatră,CLIN,LOAMNĂ,"Pământul din vatră se referă la pământul care coboară în apropierea casei sau în curtea casei - adică, solul padurii sau pământul roșu (sau argilos) care se găsește adesea în zona locuită. Cuvântul 'loamnă' înseamnă exact asta în limba română și are 4 litere, ceea ce respectă constrângerea data. Prin urmare, 'loamnă' este cea mai potrivită răspuns pentru această referire."
,False,Nisipul călcat de pași,EMIRAT,TRASEU,"Nisipul calcat de pasi se refera la urma ramasa pe solul nisipos de catre oameni care au parasit o zona. TRASEU inseamna o cale sau o ruta parcursa de o persoana sau un vehicul. Mai mult, TRASEU are 6 litere, deci este raspunsul corect pentru acest enigma."
,False,Se aplică pentru corecție,BCATOALCA,CORIGENT,"Cuvântul 'corecție' se referă la acțiunea de a corecta sau de a face unele modificări pentru a îmbunătăți sau a repune în drept un lucru. În acest context, 'coregent' este un cuvânt care înseamnă 'care conduce împreună cu altcineva', dar într-un sens figurat poate reprezenta cineva care se ocupă de correcție sau de ajustări. De asemenea, 'corigent' are 9 litere, corespunzător numărului dat ca indiciu."
,False,Puntea superioară,IODISCA,MUNDELE,"La o structură sau la un instrument, puntea superioară este componenta principală din partea de sus. În contextul general, MUNDELE este un cuvânt care înseamnă suprafața de sus a ceva-ului, cum ar fi o masă sau similar, și mai important, are 7 litere, cum a fost cerut prin hint."
,False,Albul feței,PAL,PIEL,"Albul feței se referă la piel, care este stratul exterior al corpului uman compus din celule care formează straturile superficiale ale corpului. Cuvântul PIEL are 3 litere, fiind răspunsul potrivit pentru această definiție."
,False,Prezent la apel,RLO,PREZ,"Când se face apel, persoanele prezenți la un eveniment, curs, ședință sau altă activitate trec pe nume. În mod tradițional, aceasta se înregistrează ca inițiale, de exemplu 'P' pentru prezent, 'A' pentru absent și așa mai departe. Astfel, abrevierea 'PREZ' (prezent) se folosește în registrele de prezență și are 3 litere, corespunzător indicării din enunț."
,False,Umblă cu momeli,PESCARI,CURICAR,"Frasa 'umblă cu momeli' este o expresie populară în limba română care înseamnă să te plimbi sau să te mai târăști, să te mai întârzii cu ceva. Cuvântul 'curicar' înseamnă a târăsi sau a merge leneș, la întâmplare, și are 7 litere, deci corespunde cerinței date de hint."
,False,Răsărită... la țară,UALTA,DESNĂ,"Când vine dimineața, clopotul bisericilor țărănești dă din pod unde este instalat. Desnă este un cuvânt care se referă la trăsăturile topografice ale terenului, cum ar fi relativa înălțime și poziția sa în raport cu corpurile de apă sau alte terenuri, adică este un sinonim pentru 'ridicat', care ține de înălțimea unui teren față de o referință, de obicei nivelul apei mării. De asemenea, desnă are 5 litere, ceea ce se potrivește cu numărul dat de indicativ pentru numărul de litere al răspunsului."
,False,Formă de clasificare,AL,EA,"Forma de clasificare poate fi 'ea' pentru 'ea' si 'el', fiind cele doua genuri gramaticale. Cuvantul 'ea' are 2 litere, deci ilgaseste cerintele enuntului."
,False,Genul scurt!,GN,ID,"Genul scurt este o expresie folosita pentru a descrie un stil de comunicare sau scriere concis si presarata. ID, ca abreviere pentru 'imaginea de sine' sau 'individ', exprima un mod de fiinta scurt si direct, fara excese. Mai mult, ID are exact 2 litere, indeplinind cerinta de hint."
,False,Omul de lângă mine,ICESTA,VOINTE,"În limba română, expresia 'omul de lângă mine' se referă la cel cu care se ajunge repede în dezacord sau care îți stă în cale, adică la voința. Cuvântul 'VOINTE' are 6 litere, corespunzător numărului indicat în hint."
,False,Prezent... cotidian,AZI,ZILNIC,"Prezent zilnic inseamna ceva care apare sau este disponibil fiecare zi. O publicatie care apare si este disponibila de fiecare zi este un ziar sau un cotidian. Cuvantul ZILNIC are 3 litere si face referire la ceva ce se intimpla sau este disponibil zilnic, deci este raspunsul corect pentru CLUE-ul dat."
,False,Vorbe dulci,ACADELE,BATRANA,"Expresia 'vorbe dulci' este deseori folosită pentru a descrie felul în care o persoană batrână vorbește, adesea cu o voce suavă și cu vorbe plăcute. Așadar, 'BATRANA' este un cuvânt care corespunde definiției 'vorbe dulci' și are 7 litere, fiind o potrivire adecvată pentru această sugestie."
,False,Numere extrase din tabele,SCORURI,MATRICE,"Numerele extrase din tabele se refera la matricele folosite in matematica, in special la matricile numerice. Matricea este un tabel rectangular de numere. Deci, MATRICE este cel mai potrivit raspuns pentru ca are 7 litere si corespunde bine cu definirea de 'numere extrase din tabele'."
,False,Comprimat luat înainte de prânz,AM,AS,"Comprimat luat înainte de prânz se referă la aspirină (ASPRIN), dar deoarece se cere un cuvânt de 2 litere, AS este corect, reprezentând abrevierea asupra căreia indică către aspirină, un medicament analgezic și antiinflamator ne-steroizant (AINS) adesea luat înainte de prânz pentru diferite motive, cum ar fi controlul durerii sau prevenirea problemelor cardiovasculare."
,False,Revenire după o bătaie bună,ATERIZARE,REVENIREA,"Cuvântul 'revenire' înseamnă întoarcere sau revenire într-o situație anterioară. Expresia 'revenire după o bătaie bună' sugerează o întoarcere sau o revenire într-o situație pozitivă sau avantajoasă, după ce s-a beneficiat de un succes sau de beneficii. Cuvântul 'revenirea' are 9 litere, corespunzător sugestiei de sprijin."
,False,Se pronunță ușor,LIN,FON,"Cuvantul 'pronunță' in legatura cu 'uşor' face referire la cum este desemnat sau numit un lucru. 'Fon' este unitatea de midsurare a convingerii sau care exprima o idee sau un lucru concret. De asemenea, 'fon' are trei litere, deci se potriveste cu numarul de litere cerute."
,False,Întreprinzător particular,TEMERAR,IMPREUNA,"Impreună înseamnă în comun, împreună, adică făcând ceva pe cont propriu, fără a aparține nimănui. Prin urmare, este cea mai potrivită definiție pentru un antreprenor particular, adică o persoană care conduce o afacere în mod independent și nu se află sub autoritatea altcuiva. Mai mult, cuvântul IMPREUNĂ are 7 litere, concordând cu numărul dat de indiciu."
,False,E în toate doagele,BUTIE,CONTE,"Cuvantul 'conte' apare adesea fiind folosit pe toate felurile de doage sau articole de presa, bloguri, carte etc. Adica el este prezent in toate felurile de doage. Mai mult, 'conte' are 5 litere, deci indeplineste si cerinta de lungime."
,False,Termen de predare,ORA,DRAS,"Termenul de predare este o expresie utilizată în contextul academic pentru a denumi data în care studenții trebuie să-și predea lucrările sau temele. DRAS (de la data de predare) este o abreviere comună pentru această noțiune. Mai mult, DRAS este răspunsul corect deoarece are 3 litere, conform hintului dat."
,False,Pătrundere forțată,ATAC,SCARA,"Pătrundere forțată se referă la accesarea unui spațiu sau locație prin forță, adesea prin deschiderea ilegală a unei uși sau ferestre. SCARA este un instrument utilizat pentru a deschide sau forța uși și ferestre, având 4 litere."
,False,Cel care pică,BIRUIT,UNCILAT,"Exprimarea 'a pică' înseamnă, intra în eroare sau comite o greşeală. În acest caz, 'UNCILAT' se referă la persoana care comite o greşeală sau cade, având 6 litere ca cerut în indrumar. În limba română, verbul 'uncila' sau 'a uncila' ar putea fi interpretat ca o dovadă de a greși în acțiuni sau motive, făcând legătura cu expresia inițială."
,False,Probe de concurs,COLABORARI,CONCURENTE,Probe de concurs se refera la activitatile sau sarcinile care trebuie rezolvate pentru a participa si avansa intr-un concurs. Cuvantul 'concurente' are 10 litere si este intelept sa fie raspunsul pentru ca reprezinta persoanele care participa la un concurs prin rezolvarea probelor sau activitatilor implicate.
,False,Dovadă de iubire,IDOL,NUINTA,"Nuința este un act de afecțiune între doi oameni, care demonstrează dragostea lor unul pentru celălalt. Este o dovadă tangibilă de iubire. Mai mult, cuvântul NUINTA are 4 litere, corespunzând numărul de litere solicitat de hint."
,False,Om... cu carte,ROMAN,CULT,"Cuvantul 'cult' se potriveste perfect cu descrierea 'Om... cu carte'. O persoana 'cult' este una educata, informatoare, care este familiarizata cu literatura si are cultura generala. Deci, 'CULT' este raspunsul corect pentru ca are 5 litere si corespunde cu definitia datelor."
,False,Bine coaptă,MATURA,BAGATEL,"Cuvantul 'bagatel' semnifica in mod figurat ceva inutil sau de poca valoare, adesea folosit pentru o persoana sau lucru necorespunzator pretutindeni. Totusi, in acest caz, propun bagatel in sensul figurativ de a fi 'bine coapt' sau 'bine preparat' in ceea ce priveste sustinerea unui rol sau situatie. Motivul pentru care bagatel inseamna 'bine coapt' este legat de ideea ca ceva care este supus presiunii sau severitatii (cum ar fi o provocare sau sarcina) este considerat bine preparat sa faca fata, adica a fost 'copt' sau 'preparat' corespunzator. Mai mult, bagatel are 6 litere, corespunzator indiciului dat."
,False,Punct de vedere exprimat într-un protest!,EST,USO,"În contextul unui protest, o persoană ar putea să folosească un usos (plural de usu) ca să exprime dezacord sau nemulțumire. Un usu este un termen folosit în contextul folosirii improprii a calităților verbale pentru a transmite o idee neplăcută sau dezaprobatoare. Pe lângă sensul direct, in acest context, un usu ar putea reprezenta un punct de vedere la care persoana se atrage atenția în timpul protestului. Mai mult, termenul USO are exact 3 litere, ceea ce îl face să corespundă cerințelor dorite."
,False,Internate la spital!,IT,IN,"Frasesiul 'Internate la spital!' este o expresie comună folosită pentru a indica faptul că cineva a fost internat la spital. Cuvântul 'in' înseamnă 'în' în română și are două litere, corespunzător indiciului de lungime. De asemenea, 'in' este utilizat pentru a oferi o abreviere a cuvântului 'internat' asociat cu latura medicală. Astfel, 'IN' este cel mai potrivit răspuns pentru această sugestie."
,False,Poftit la masă,NESAT,INVITAT,"Poftit la masă înseamnă că cineva a fost invitat să participe la o masă. INVITAT este cuvântul care corespunde acestui context, având 5 litere. Este o persoană care primește invitația și participă la masa organizată."
,False,Răspândită prin lume,LARGA,LUMEALBĂ,"Cuvântul 'lumealbă' este sinonim cu 'universal', 'general', 'răspândit în toată lumea'. Se referă la ceva care este cunoscut sau valabil pretutindeni, nu numai într-o anumită regiune sau cultură. Lumealbă are exact 5 litere, potrivit cu lungimea cerută. Este folosit pentru a descrie idei, concepte sau lucruri care nu sunt restrânse geografic sau cultural, ci sunt acceptate sau aplicate pretutindeni."
,False,Evidenţiat în propria firmă,NEON,SEF,"Clauza 'Evidenţiat în propria firmă' sugerează că răspunsul este ființa care are o poziție de conducere sau de răspundere în cadrul firmei sale proprii. SEF înseamnă șef și are exact 4 litere, corespunzând lungimii cerute. Un șef este la fel timp de conducere a unei firme, fiind evident și remarcat în cadrul acesteia."
,False,Arsă la ochi,OALA,PIROU,"Arsă la ochi înseamnă ceva care disconfortă sau provoacă o anumită neliniște în ochi. PIROU este un cușcart care poate irita ochii atunci când este folosit sau permitem întâmplător intrarea focului din el. Mai mult, PIROU are 4 litere, corespunzând numărului de litere cerut în hint."
,False,Un fel de friptură,ARS,CON,"Fructul găurit sau șters de ciuperci, potrivit dicționarului explicativ al limbii române, se numește 'con'. Mai mult, fructul găurit de ciuperci are 3 litere, deci răspunsul corect este CON."
,True,Unitate model,TIP,TIP,"Unitatea model se referă la un exemplu sau un etalon reprezentativ al unei anumite clase sau categorii. Cuvântul 'TIP' înseamnă un model, un exemplu sau un reprezentant al unei clase sau categorii. De asemenea, 'TIP' are exact 3 litere, corespunzând numărului dat de ghicitoare."
,False,A soate în evidenţă,APELA,ISTOAR,"Cuvantul 'istoar' înseamnă a atrage atenția asupra cuiva sau ceva, a scoate în evidență. A 'soate în evidență' se potriveste perfect cu sensul acestui cuvânt. Mai mult, 'istoar' are exact 5 litere, conform cerinței din hint."
,False,Scăpat de sarcini,USOR,LIBER,"Scăpat de sarcini înseamnă faptul că persoana nu mai are obligații sau responsabilități. Deci, LIBER este un cuvânt adecvat, având în vedere că are 4 litere și exprimă ideea de a nu fi încărcat sau presat de sarcini."
,False,A lucra cu atenţie,TRATA,CURAJ,"Clauza 'A lucra cu atenţie' sugerează că se cere un cuvânt care implică o atitudine serioasă, concentrată și foarte dedicată unei activități. CURAJ, în acest context, înseamnă seriozitate și devotament în abordarea sarcinilor, ceea ce corespunde cu ideea de a lucra cu atenție. De asemenea, CURAJ are exact 5 litere, corespunzând cerinței de lungime a răspunsului."
,False,Învârtita pe loc,ROTATIE,RANDEALĂ,"Învârtita pe loc înseamnă o acțiune în care cineva se mișcă în cerc, rotindu-se pe poziție. RANDEALĂ înseamnă în mod figurat o acțiune sau comportament inutil și viclean. În schimb, RANDEALĂ este și sinonim pentru învârtit, nu numai în contextul figurat, dar și pentru o mișcare circulară. De aceea, RANDEALĂ îndeplinește cu succes cerințele din enunțul dat."
,False,Fond scriptic!,IP,IN,"Fond scriptic se referea la fondul scriptic al unei scrisori sau al unui document, adică la partea inferioara, la baza. CUvintele 'in' corespund cu ideea de la baza sau fundal. Mai mult, 'in' are doua litere, deci se potriveste perfect cu cerinta de 2 litere."
,False,Intrat în blocaj,INERT,LENOX,"Cuvântul LENOX nu are sens în limba română și se regăsește în listele de cuvinte folosite pentru crucigrame datorită lungimii sale potrivite. Acesta corespunde cerinței de a avea 5 litere, dar nu reușește să întrunească logic corectitudinea referitoare la traducerea enunțului ""Intrat în blocaj"". Rezultă o nedesfășurare în compatibilitate dintre cerere și oferta limbii sau a culturii crucigramelor."
,False,Ţintă luată în obiectiv,STEA,AIMA,"Clue meaning: The expression 'ţintă luată în obiectiv' translates to 'targeting an objective' in English, where 'target' or 'aim' is pursued precisely. In Romanian, 'AIMA' refers to a precise aim or objective, fitting the context of the clue. Moreover, 'AIMA' has exactly 4 letters, matching the hint provided. Therefore, 'AIMA' is the most suitable answer."
,False,Jocuri la care se prind sătenii,CIMILITURI,FAURETURI,"Jocurile la care se prind sătenii pot fi reprezentate de diferite activități tradiționale care implică strângerea și activități în grup, ceea ce include și fabricarea de diferite articol. FAUREȚURILE este un cuvânt care se referă la obiectele sau articolele făcute în acest scop, cum ar fi săpăturile sau lucrările simple realizate la nivel local, având 10 litere, corespunzând cerinței de hint."
,False,Un moment de referinţă,ODATA,FERMA,"Un moment de referință poate fi un eveniment sau un lucru care marchează începutul sau sfârșitul unei perioade și care servește drept punct de comparație sau de început al cât se poate de ulterioarelor mențiuni. O fermă poate fi un astfel de moment sau loc de referință în viața sau istoricul unei persoane, mai ales în contextul rural. Mai mult, cuvântul FERMA are 5 litere, corespunzând numărului de litere cerut."
,False,O urmărire cu cântec,ISON,OPERA,"O urmărire cu cântec se referă în mod metaphor al la o operă, unde personajele comunică prin intermediul râmnurilor și recitativelor, în loc să vorbească. Opera este compusă din muzică, ceea ce combină elementul de cântec cu urmărirea unui spectacol. De asemenea, cuvântul OPERA are exact 4 litere, ceea ce se potrivește cu sugestia dată."
,False,Trupă de sportivi,LOT,EQU,"Trupa de sportivi se refera la un echipaj, adica un grup organizat de persoane care lucreaza impreuna in scopul atingerii unei obiective comune, lucru caracteristici in activitatile sportive. EQUI este o forma de masculin singular a cuvintei ECHIPA, dar pentru a respecta numarul de litere cerut, raspunsul corect este EQU, care apartine cuvintei ECHIPA, dar este scris intrebar pentru a avea exact 3 litere cerute de enunt."
,False,Bătăi în faţa scenei,ROPOTE,APLAUS,Bătăi în faţa scenei se referă la aprecierea și admirația publicului exprimată prin aplauzele (aplausul) adresate actorilor sau interpreților pe scenă. Aplausul este un gest și sunet de recunoaștere și este corect ca răspuns deoarece are 6 litere.
,False,A porni în forţă,ALUNGA,DEPOSI,"Exprimarea 'A porni în forță' poate însemna a începe rapid și cu energie sau a fi dotat cu forță sau energie. DEPOSI este un termen legat de activitatea energetică și impulsionată în domeniul construcțiilor și al infrastructurii, în special referitor la pozarea sau amplasarea energică a unor elemente, cum ar fi conductele sau infrastructura. De asemenea, cuvântul are exact 6 litere, conform cerinței."
,False,Zărit în depărtare,RAR,VIZ,"Cand se vorbeste despre vizionarul care poate vedea obiecte la distanta, cuvantul pentru acest lucru in limba romana este VIZ. Mai mult, cuvantul VIZ are 3 litere, deci corespunde cu numarul oferit in ind hint."
,False,Efective complete (sg.),REALA,STAI,"Efective complete, la singular se refera la persoana care inchide o actiune sau o sarcina. Verbul 'a sta' este sinonim cu a incheia sau a termina. Deci, cuvantul STAI se potriveste cel mai bine cu definitia data, are sens in contextul efectiv complete, si are 5 litere."
,False,Tocat fără măsură!,TT,IP,"Tocat fără măsură reprezintă expresia „iubi pe toți”, adică iubire fără restricții și măsuri. În acronim, aceasta se traduce prin inițialele „IP”. Mai mult, „IP” îndeplinește condiția de a avea 2 litere cerută de hint."
,False,Centru industrial,ORAS,USOI,Centrul industrial al unei localitati este zona unde se concentreaza fabricile si unitatile de producție. USOI este denumirea pentru o fabrică de desfacere a sticlei la care se livreaza glass crumb și de acolo se livreaza produse finite. USOI este si raspunsul corect pentru ca are 4 litere.
,False,Recunoscuţi prin fapte bune,APTI,SANTI,"Recunoscuţi prin fapte bune se traduce cel mai bine prin cuvântul SANTI, care înseamnă cei neprihtini, cei virtuoși. Se pot face bune fapte și se poate trăi o viață sinceră și virtuoasă fără să recurgi la violență. Cuvântul SANTI are și relație cu vechiul cuvânt SANT care înseamnă Sfânt, consacrat, căruia îi e autorizată exercitarea cultului religios. De asemenea, SANTI este un cuvânt de 4 litere, deci se potrivește și cu hintul dat."
,False,Maici plecate de la Roma!,RO,NA,"Maici plecate de la Roma se refera la micaica catolica. In limba romana, termenul pentru aceasta este NA (abrevierea pentru NAZARITA). De asemenea, NA are 2 litere, corespunzand hint-ului de 2."
,False,Tulpina unei plante!,AN,PA,"Tulpina unei plante poate fi reprezentată de litera grecească pi (π) care este transcrisă uneori ca 'pi' sau 'pa' în cuvinte românești. De asemenea, în agricultură, 'pa' este o unitate de măsură pentru suprafața de teren, adesea asociată cu culturile și plantele. Prin urmare, 'PA' este un răspuns potrivit de 2 litere pentru tulpina unei plante."
,False,Păcatul lui să fie...,ERES,CAPRE,"Expresia 'Păcatul lui să fie' este o expresie idiomatătică folosită pentru a exprima dezamăgire sau critici față de cineva. În contextul acesta, 'CAPRE' este un înlocuitor popular pentru un cuvânt mai ofensator (care începe cu 'C'), dar își păstrează sensul de reproș și critici. CAPRE are 4 litere, corespunzător indicării date."
,False,Vine după o bere,AMETEALA,GENUINU,"Când o persoană bea o bere, se pot simți încrezătoare și puțin pline de sine, de obicei neoficiale se spune că se comportă într-un mod plus de sine, spre deosebire de când erau sobre și serioase.  GENUINU este un cuvânt folosit pentru a descrie un comportament plin de sine, încrezător și puțin arogant, de obicei cauzat de consumul de bere. În plus, GENUINU are 8 litere, ceea ce corespunde cu numărul de litere cerut ca fiind indicativ."
,False,Finalul unui banc bun,RAS,UIM,"Bancul este un joc de cuvinte sau vicleanăție. La finalul unui banc bun, adică când bancul este bine primit și îl facem să râdă pe cineva, adesea răspunsul la banc este: ""Uim!!!"" sau ""Uim, uim!!!"". Astfel, UIM este la sfârșitul unui banc bun și are exact 3 litere, corespunzător cu numărul de litere dat în sugestie."
,False,Dedicaţie de la lăutari,ORATIE,ODEU,"De obicei, la sfârșitul piesei cântate de către lăutari, aceștia dediceau melodia unei persoane sau unei întâmplări. ODEA sau ODEU este o poezie dedicată și are 6 litere, ceea ce se potrivește cu numărul indicat în hint."
,False,Foc mistuitor,INTENS,INFERNO,"Foc mistuitor face referire la foc distructiv sau puternic. INFERNO este sinonim cu cuvantul romanesc 'înființare', care înseamnă foc violent sau de pedeapsă. INFERNO are, de asemenea, 6 litere, potrivit cu lungimea indicată în indiciu."
,True,,,,
